{
  "parent": "paint:adventure/transport/saddle/without_breaking_stride",
  "display": {
    "icon": {
      "item": "minecraft:stick",
	  "nbt": "{CustomModelData:424}"
    },
    "title": {
      "text": "Stride Of Your Life","color":"#0000ff"}
    ,
    "description":
      ["",{"text":"Visit all the nether biomes in one strider journey. Getting off will reset your progress.","color":"white"}]
    ,
    "frame": "task",
    "show_toast": true,
    "announce_to_chat": true,
    "hidden": false
  },
  "criteria": {
    "stride_of_your_life_nether_wastes": {
      "trigger": "minecraft:location",
      "conditions": {
        "biome": "minecraft:nether_wastes",
		"player": {
			"entity_properties": {
				"predicate": {
					"nbt": "{RootVehicle:{Entity:{id:\"minecraft:strider\"}}}"
				}
			}
		}
      }
    },
	"stride_of_your_life_crimson_forest": {
      "trigger": "minecraft:location",
      "conditions": {
        "biome": "minecraft:crimson_forest",
		"player": {
			"entity_properties": {
				"predicate": {
					"nbt": "{RootVehicle:{Entity:{id:\"minecraft:strider\"}}}"
				}
			}
		}
      }
    },
	"stride_of_your_life_warped_forest": {
      "trigger": "minecraft:location",
      "conditions": {
        "biome": "minecraft:warped_forest",
		"player": {
			"entity_properties": {
				"predicate": {
					"nbt": "{RootVehicle:{Entity:{id:\"minecraft:strider\"}}}"
				}
			}
		}
      }
    },
	"stride_of_your_life_soul_sand_valley": {
      "trigger": "minecraft:location",
      "conditions": {
        "biome": "minecraft:soul_sand_valley",
		"player": {
			"entity_properties": {
				"predicate": {
					"nbt": "{RootVehicle:{Entity:{id:\"minecraft:strider\"}}}"
				}
			}
		}
      }
    },
	"stride_of_your_life_basalt_deltas": {
      "trigger": "minecraft:location",
      "conditions": {
        "biome": "minecraft:basalt_deltas",
		"player": {
			"entity_properties": {
				"predicate": {
					"nbt": "{RootVehicle:{Entity:{id:\"minecraft:strider\"}}}"
				}
			}
		}
      }
    }
  },
  "rewards": {
    "function": "paint:pca/rewards/adventure/transport/saddle/stride_of_your_life"
  },
  "requirements": [
	["stride_of_your_life_nether_wastes"],
	["stride_of_your_life_crimson_forest"],
	["stride_of_your_life_warped_forest"],
	["stride_of_your_life_soul_sand_valley"],
	["stride_of_your_life_basalt_deltas"]
	]
}