{
  "parent": "paint:adventure/transport/saddle/master_jockey",
  "display": {
    "icon": {
      "item": "minecraft:stick",
	  "nbt": "{CustomModelData:421}"
    },
    "title": {
      "text": "The Carrot And The Stick","color":"#0000ff"}
    ,
    "description":
      ["",{"text":"Ride a pig and travel horizontally 200m in one pig journey","color":"white"}]
    ,
    "frame": "task",
    "show_toast": true,
    "announce_to_chat": true,
    "hidden": false
  },
  "criteria": {
    "the_carrot_and_the_stick": {
      "trigger": "minecraft:impossible"
    }
  },
  "rewards": {
    "function": "paint:pca/rewards/adventure/transport/saddle/the_carrot_and_the_stick"
  },
  "requirements": [
      ["the_carrot_and_the_stick"]
  ]
}