{
  "parent": "paint:adventure/transport/saddle/equine_expediation",
  "display": {
    "icon": {
      "item": "minecraft:stick",
	  "nbt": "{CustomModelData:426}"
    },
    "title": {
      "text": "Trade Route","color":"#0000ff"}
    ,
    "description":
      ["",{"text":"Visit these village types in one horse/ donkey/ mule journey:\n* Taiga\n* Savanna\n* Snowy\nGetting off your horse or taking off their saddle will reset your progress.","color":"white"}]
    ,
    "frame": "task",
    "show_toast": true,
    "announce_to_chat": true,
    "hidden": false
  },
  "criteria": {
	"trade_route_taiga_village": {
      "trigger": "minecraft:location",
      "conditions": {
		"biome": "taiga",
        "feature": "village",
		"player": {
			"entity_properties": {
				"predicate": {
					"nbt": "{RootVehicle:{Entity:{SaddleItem:{}}}}"
				}
			}
		}
      }
    },
	"trade_route_savanna_village": {
      "trigger": "minecraft:location",
      "conditions": {
		"biome": "savanna",
        "feature": "village",
		"player": {
			"entity_properties": {
				"predicate": {
					"nbt": "{RootVehicle:{Entity:{SaddleItem:{}}}}"
				}
			}
		}
      }
    },
	"trade_route_snowy_village": {
      "trigger": "minecraft:location",
      "conditions": {
		"biome": "snowy_tundra",
        "feature": "village",
		"player": {
			"entity_properties": {
				"predicate": {
					"nbt": "{RootVehicle:{Entity:{SaddleItem:{}}}}"
				}
			}
		}
      }
    }
  },
  "rewards": {
    "function": "paint:pca/rewards/adventure/transport/saddle/trade_route"
  },
  "requirements": [
      ["trade_route_taiga_village"],
	  ["trade_route_savanna_village"],
	  ["trade_route_snowy_village"]
  ]
}