{
  "parent": "paint:adventure/transport/saddle/the_carrot_and_the_stick",
  "display": {
    "icon": {
      "item": "minecraft:stick",
	  "nbt": "{CustomModelData:422}"
    },
    "title": {
      "text": "When Pigs Fly","color":"#0000ff"}
    ,
    "description":
      ["",{"text":"Ride a pig off a cliff of at least 32m. Beware, fall damage will kill you unless you're prepared.","color":"white"}]
    ,
    "frame": "task",
    "show_toast": true,
    "announce_to_chat": true,
    "hidden": false
  },
  "criteria": {
    "when_pigs_fly": {
      "trigger": "minecraft:impossible"
    }
  },
  "rewards": {
    "function": "paint:pca/rewards/adventure/transport/saddle/when_pigs_fly"
  },
  "requirements": [
      ["when_pigs_fly"]
  ]
}