{
  "parent": "paint:adventure/transport/saddle/when_pigs_fly",
  "display": {
    "icon": {
      "item": "minecraft:stick",
	  "nbt": "{CustomModelData:423}"
    },
    "title": {
      "text": "Without Breaking Stride","color":"#0000ff"}
    ,
    "description":
      ["",{"text":"Ride a strider and travel horizontally 200m in one strider journey","color":"white"}]
    ,
    "frame": "task",
    "show_toast": true,
    "announce_to_chat": true,
    "hidden": false
  },
  "criteria": {
    "without_breaking_stride": {
      "trigger": "minecraft:impossible"
    }
  },
  "rewards": {
    "function": "paint:pca/rewards/adventure/transport/saddle/without_breaking_stride"
  },
  "requirements": [
      ["without_breaking_stride"]
  ]
}