{
  "parent": "paint:combat/heads/creeper_head",
  "display": {
    "icon": {
      "item": "minecraft:skeleton_skull"
    },
    "title": {
      "text": "Skeleton Skull","color":"#FA0000"}
    ,
    "description":
      ["",{"text":"Obtain a skeleton skull","color":"white"}]
    ,
    "frame": "task",
    "show_toast": true,
    "announce_to_chat": false,
    "hidden": false
  },
  "criteria": {
    "skeleton_skull": {
      "trigger": "minecraft:inventory_changed",
      "conditions": {
        "items": [
          {
            "item": "minecraft:skeleton_skull"
		  }
		]
	  }
	}
  },
  "requirements": [
    ["skeleton_skull"]
  ]
}