{
  "parent": "paint:combat/ultimate_warrior",
  "display": {
    "icon": {
      "item": "minecraft:stick",
	  "nbt": "{CustomModelData:2002}"
    },
    "title": {
      "text": "Vanilla Headhunter","color":"#FA0000"}
    ,
    "description":
      ["",{"text":"Use charged creepers to kill mobs to make them drop their heads. Obtain the heads that aren't boss-related.","color":"white"}]
    ,
    "frame": "challenge",
    "show_toast": true,
    "announce_to_chat": true,
    "hidden": false
  },
  "criteria": {
	"creeper_head": {
      "trigger": "minecraft:inventory_changed",
      "conditions": {
        "items": [
          {
            "item": "minecraft:creeper_head"
		  }
		]
	  }
	},
    "skeleton_skull": {
      "trigger": "minecraft:inventory_changed",
      "conditions": {
        "items": [
          {
            "item": "minecraft:skeleton_skull"
		  }
		]
	  }
	},
	"zombie_head": {
      "trigger": "minecraft:inventory_changed",
      "conditions": {
        "items": [
          {
            "item": "minecraft:zombie_head"
		  }
		]
	  }
	}
  },
  "requirements": [
    ["creeper_head"],
	["skeleton_skull"],
	["zombie_head"]
  ]
}