{
  "parent": "paint:combat/heads/skeleton_skull",
  "display": {
    "icon": {
      "item": "minecraft:zombie_head"
    },
    "title": {
      "text": "Zombie Head","color":"#FA0000"}
    ,
    "description":
      ["",{"text":"Obtain a zombie head","color":"white"}]
    ,
    "frame": "task",
    "show_toast": true,
    "announce_to_chat": false,
    "hidden": false
  },
  "criteria": {
    "zombie_head": {
      "trigger": "minecraft:inventory_changed",
      "conditions": {
        "items": [
          {
            "item": "minecraft:zombie_head"
		  }
		]
	  }
	}
  },
  "requirements": [
    ["zombie_head"]
  ]
}