{
  "parent": "paint:animals/taming/llamas/white_llama",
  "display": {
    "icon": {
      "item": "minecraft:stick",
	  "nbt": "{CustomModelData:1523}"
    },
    "title": {
      "text": "Brown Llama","color":"#ffff00"}
    ,
    "description":
      ["",{"text": "Tame a brown llama","color":"white"}]
    ,
    "frame": "task",
    "show_toast": true,
    "announce_to_chat": true,
    "hidden": false
  },
  "criteria": {
    "brown_llama": {
      "trigger": "minecraft:tame_animal",
      "conditions": {
        "entity": {
			"type": "minecraft:llama",
			"nbt": "{Variant:2}"
        }
      }
    }
  },
  "requirements": [
	["brown_llama"]
  ]
}