{
  "parent": "paint:animals/taming/parrots/light_gray_parrot",
  "display": {
    "icon": {
      "item": "minecraft:stick",
	  "nbt": "{CustomModelData:1534}"
    },
    "title": {
      "text": "Hyacinth Macaw","color":"#ffff00"}
    ,
    "description":
      ["",{"text": "Tame a blue parrot","color":"white"}]
    ,
    "frame": "task",
    "show_toast": true,
    "announce_to_chat": true,
    "hidden": false
  },
  "criteria": {
    "blue_parrot": {
      "trigger": "minecraft:tame_animal",
      "conditions": {
        "entity": {
          "type": "minecraft:parrot",
          "nbt": "{Variant:1}"
        }
      }
	}
  },
  "requirements": [
    [
      "blue_parrot"
    ]
  ]
}