{
  "parent": "paint:animals/taming/parrots/green_parrot",
  "display": {
    "icon": {
      "item": "minecraft:stick",
	  "nbt": "{CustomModelData:1532}"
    },
    "title": {
      "text": "Blue-And-Yellow Macaw","color":"#ffff00"}
    ,
    "description":
      ["",{"text": "Tame a blue and yellow parrot","color":"white"}]
    ,
    "frame": "task",
    "show_toast": true,
    "announce_to_chat": true,
    "hidden": false
  },
  "criteria": {
    "light_blue_parrot": {
      "trigger": "minecraft:tame_animal",
      "conditions": {
        "entity": {
          "type": "minecraft:parrot",
          "nbt": "{Variant:3}"
        }
      }
	}
  },
  "requirements": [
    [
      "light_blue_parrot"
    ]
  ]
}