{
  "parent": "paint:animals/taming/animal_tamer",
  "display": {
    "icon": {
      "item": "minecraft:stick",
	  "nbt": "{CustomModelData:1530}"
    },
    "title": {
      "text": "Parrot Palette","color":"#ffff00"}
    ,
    "description":
      ["",{"text": "Tame all variants of parrot","color":"white"}]
    ,
    "frame": "goal",
    "show_toast": true,
    "announce_to_chat": true,
    "hidden": false
  },
  "criteria": {
    "green_parrot": {
      "trigger": "minecraft:tame_animal",
      "conditions": {
        "entity": {
          "type": "minecraft:parrot",
          "nbt": "{Variant:2}"
        }
      }
	},
	 "light_blue_parrot": {
      "trigger": "minecraft:tame_animal",
      "conditions": {
        "entity": {
          "type": "minecraft:parrot",
          "nbt": "{Variant:3}"
        }
      }
	},
	"light_gray_parrot": {
      "trigger": "minecraft:tame_animal",
      "conditions": {
        "entity": {
          "type": "minecraft:parrot",
          "nbt": "{Variant:4}"
        }
      }
	},
	"blue_parrot": {
      "trigger": "minecraft:tame_animal",
      "conditions": {
        "entity": {
          "type": "minecraft:parrot",
          "nbt": "{Variant:1}"
        }
      }
	},
	"red_parrot": {
      "trigger": "minecraft:tame_animal",
      "conditions": {
        "entity": {
          "type": "minecraft:parrot",
          "nbt": "{Variant:0}"
        }
      }
	}
  },
  "requirements": [
	  ["green_parrot"],
	  ["light_blue_parrot"],
	  ["light_gray_parrot"],
	  ["blue_parrot"],
      ["red_parrot"]
  ]
}