{
  "parent": "paint:animals/animal_lover",
  "display": {
    "icon": {
      "item": "minecraft:stick",
	  "nbt": "{CustomModelData:1500}"
    },
    "title": {
      "text": "Animal Tamer","color":"#ffff00"}
    ,
    "description":
      ["",{"text": "Tame all non-horse tameable animals and varients of animal. ","color":"white"},{"text":"Announced in chat.","color":"dark_gray"}]
    ,
    "frame": "challenge",
    "show_toast": true,
    "announce_to_chat": true,
    "hidden": false
  },
  "criteria": {
    "black_cat": {
      "trigger": "minecraft:tame_animal",
      "conditions": {
        "entity": {
			"type": "minecraft:cat",
			"nbt": "{CatType:10}"
        }
      }
    },
	"british_shorthair": {
      "trigger": "minecraft:tame_animal",
      "conditions": {
        "entity": {
			"type": "minecraft:cat",
			"nbt": "{CatType:4}"
        }
      }
    },
	"calico": {
      "trigger": "minecraft:tame_animal",
      "conditions": {
        "entity": {
			"type": "minecraft:cat",
			"nbt": "{CatType:5}"
        }
      }
    },
	"jellie": {
      "trigger": "minecraft:tame_animal",
      "conditions": {
        "entity": {
			"type": "minecraft:cat",
			"nbt": "{CatType:9}"
        }
      }
    },
	"persian": {
      "trigger": "minecraft:tame_animal",
      "conditions": {
        "entity": {
			"type": "minecraft:cat",
			"nbt": "{CatType:6}"
        }
      }
    },
	"ragdoll": {
      "trigger": "minecraft:tame_animal",
      "conditions": {
        "entity": {
			"type": "minecraft:cat",
			"nbt": "{CatType:7}"
        }
      }
    },
	"red_cat": {
      "trigger": "minecraft:tame_animal",
      "conditions": {
        "entity": {
			"type": "minecraft:cat",
			"nbt": "{CatType:2}"
        }
      }
    },
	"siamese": {
      "trigger": "minecraft:tame_animal",
      "conditions": {
        "entity": {
			"type": "minecraft:cat",
			"nbt": "{CatType:3}"
        }
      }
    },
	"tabby": {
      "trigger": "minecraft:tame_animal",
      "conditions": {
        "entity": {
			"type": "minecraft:cat",
			"nbt": "{CatType:0}"
        }
      }
    },
	"tuxedo_cat": {
      "trigger": "minecraft:tame_animal",
      "conditions": {
        "entity": {
			"type": "minecraft:cat",
			"nbt": "{CatType:1}"
        }
      }
    },
	"white_cat": {
      "trigger": "minecraft:tame_animal",
      "conditions": {
        "entity": {
			"type": "minecraft:cat",
			"nbt": "{CatType:8}"
        }
      }
    },
    "creamy_llama": {
      "trigger": "minecraft:tame_animal",
      "conditions": {
        "entity": {
			"type": "minecraft:llama",
			"nbt": "{Variant:0}"
        }
      }
    },
	"white_llama": {
      "trigger": "minecraft:tame_animal",
      "conditions": {
        "entity": {
			"type": "minecraft:llama",
			"nbt": "{Variant:1}"
        }
      }
    },
	"brown_llama": {
      "trigger": "minecraft:tame_animal",
      "conditions": {
        "entity": {
			"type": "minecraft:llama",
			"nbt": "{Variant:2}"
        }
      }
    },
	"gray_llama": {
      "trigger": "minecraft:tame_animal",
      "conditions": {
        "entity": {
			"type": "minecraft:llama",
			"nbt": "{Variant:3}"
        }
      }
    },
	"green_parrot": {
      "trigger": "minecraft:tame_animal",
      "conditions": {
        "entity": {
          "type": "minecraft:parrot",
          "nbt": "{Variant:2}"
        }
      }
	},
	 "light_blue_parrot": {
      "trigger": "minecraft:tame_animal",
      "conditions": {
        "entity": {
          "type": "minecraft:parrot",
          "nbt": "{Variant:3}"
        }
      }
	},
	"light_gray_parrot": {
      "trigger": "minecraft:tame_animal",
      "conditions": {
        "entity": {
          "type": "minecraft:parrot",
          "nbt": "{Variant:4}"
        }
      }
	},
	"blue_parrot": {
      "trigger": "minecraft:tame_animal",
      "conditions": {
        "entity": {
          "type": "minecraft:parrot",
          "nbt": "{Variant:1}"
        }
      }
	},
	"red_parrot": {
      "trigger": "minecraft:tame_animal",
      "conditions": {
        "entity": {
          "type": "minecraft:parrot",
          "nbt": "{Variant:0}"
        }
      }
	},
	"wolf": {
      "trigger": "minecraft:tame_animal",
      "conditions": {
        "entity": {
			"type": "minecraft:wolf"
        }
      }
    },
	"donkey": {
      "trigger": "minecraft:tame_animal",
      "conditions": {
        "entity": {
			"type": "minecraft:donkey"
        }
      }
    },
	"half-assed": {
      "trigger": "minecraft:tame_animal",
      "conditions": {
        "entity": {
			"type": "minecraft:mule"
        }
      }
    }
  },
  "requirements": [
    ["black_cat"],
	["british_shorthair"],
	["calico"],
	["jellie"],
	["persian"],
	["ragdoll"],
	["red_cat"],
	["siamese"],
	["tabby"],
	["tuxedo_cat"],
	["white_cat"],
	["creamy_llama"],
	["white_llama"],
	["brown_llama"],
	["gray_llama"],
	["green_parrot"],
	["light_blue_parrot"],
	["light_gray_parrot"],
	["blue_parrot"],
    ["red_parrot"],
	["wolf"],
	["donkey"],
	["half-assed"]
  ]
}