{
  "parent": "paint:adventure/intrepid_adventurer",
  "display": {
    "icon": {
      "item": "minecraft:stick",
	  "nbt": "{CustomModelData:350}"
    },
    "title": {
      "text": "Omnivore","color":"#0000ff"}
	,
    "description":
      ["",{"text": "Eat all the food items","color":"white"}]
	,
    "frame": "challenge",
    "show_toast": true,
    "announce_to_chat": true,
    "hidden": false
  },
  "criteria": {
	"cooked_porkchop": {
      "trigger": "minecraft:consume_item",
      "conditions": {
        "item": {
          "item": "minecraft:cooked_porkchop"
        }
      }
	},
	"cooked_beef": {
      "trigger": "minecraft:consume_item",
      "conditions": {
        "item": {
          "item": "minecraft:cooked_beef"
        }
      }
	},
	"cooked_mutton": {
      "trigger": "minecraft:consume_item",
      "conditions": {
        "item": {
          "item": "minecraft:cooked_mutton"
        }
      }
	},
	"cooked_chicken": {
      "trigger": "minecraft:consume_item",
      "conditions": {
        "item": {
          "item": "minecraft:cooked_chicken"
        }
      }
	},
	"cooked_rabbit": {
      "trigger": "minecraft:consume_item",
      "conditions": {
        "item": {
          "item": "minecraft:cooked_rabbit"
        }
      }
	},
	"rabbit_stew": {
      "trigger": "minecraft:consume_item",
      "conditions": {
        "item": {
          "item": "minecraft:rabbit_stew"
        }
      }
	},
	"cooked_cod": {
      "trigger": "minecraft:consume_item",
      "conditions": {
        "item": {
          "item": "minecraft:cooked_cod"
        }
      }
	},
	"cooked_salmon": {
      "trigger": "minecraft:consume_item",
      "conditions": {
        "item": {
          "item": "minecraft:cooked_salmon"
        }
      }
	},
	"tropical_fish": {
      "trigger": "minecraft:consume_item",
      "conditions": {
        "item": {
          "item": "minecraft:tropical_fish"
        }
      }
	},
	"tropical_fish": {
      "trigger": "minecraft:consume_item",
      "conditions": {
        "item": {
          "item": "minecraft:tropical_fish"
        }
      }
	},
	"eat_pufferfish": {
      "trigger": "minecraft:consume_item",
      "conditions": {
        "item": {
          "item": "minecraft:pufferfish"
        }
      }
	},
	"rotten_flesh": {
      "trigger": "minecraft:consume_item",
      "conditions": {
        "item": {
          "item": "minecraft:rotten_flesh"
        }
      }
	},
	"spider_eye": {
      "trigger": "minecraft:consume_item",
      "conditions": {
        "item": {
          "item": "minecraft:spider_eye"
        }
      }
	},
	"apple": {
      "trigger": "minecraft:consume_item",
      "conditions": {
        "item": {
          "item": "minecraft:apple"
        }
      }
    },
	"baked_potato": {
      "trigger": "minecraft:consume_item",
      "conditions": {
        "item": {
          "item": "minecraft:baked_potato"
        }
      }
    },
	"beetroot": {
      "trigger": "minecraft:consume_item",
      "conditions": {
        "item": {
          "item": "minecraft:beetroot"
        }
      }
    },
	"beetroot_soup": {
      "trigger": "minecraft:consume_item",
      "conditions": {
        "item": {
          "item": "minecraft:beetroot_soup"
        }
      }
    },
	"bread": {
      "trigger": "minecraft:consume_item",
      "conditions": {
        "item": {
          "item": "minecraft:bread"
        }
      }
    },
	"cake": {
      "trigger": "minecraft:impossible"
    },
	"carrot": {
      "trigger": "minecraft:consume_item",
      "conditions": {
        "item": {
          "item": "minecraft:carrot"
        }
      }
    },
	"cookie": {
      "trigger": "minecraft:consume_item",
      "conditions": {
        "item": {
          "item": "minecraft:cookie"
        }
      }
    },
	"dried_kelp": {
      "trigger": "minecraft:consume_item",
      "conditions": {
        "item": {
          "item": "minecraft:dried_kelp"
        }
      }
    },
	"golden_apple": {
      "trigger": "minecraft:consume_item",
      "conditions": {
        "item": {
          "item": "minecraft:golden_apple"
        }
      }
    },
	"golden_carrot": {
      "trigger": "minecraft:consume_item",
      "conditions": {
        "item": {
          "item": "minecraft:golden_carrot"
        }
      }
    },
	"honey_bottle": {
      "trigger": "minecraft:consume_item",
      "conditions": {
        "item": {
          "item": "minecraft:honey_bottle"
        }
      }
    },
	"melon_slice": {
      "trigger": "minecraft:consume_item",
      "conditions": {
        "item": {
          "item": "minecraft:melon_slice"
        }
      }
    },
	"milk_bucket": {
      "trigger": "minecraft:consume_item",
      "conditions": {
        "item": {
          "item": "minecraft:milk_bucket"
        }
      }
    },
	"mushroom_stew": {
      "trigger": "minecraft:consume_item",
      "conditions": {
        "item": {
          "item": "minecraft:mushroom_stew"
        }
      }
    },
	"poisonous_potato": {
      "trigger": "minecraft:consume_item",
      "conditions": {
        "item": {
          "item": "minecraft:poisonous_potato"
        }
      }
    },
	"potato": {
      "trigger": "minecraft:consume_item",
      "conditions": {
        "item": {
          "item": "minecraft:potato"
        }
      }
    },
	"pumpkin_pie": {
      "trigger": "minecraft:consume_item",
      "conditions": {
        "item": {
          "item": "minecraft:pumpkin_pie"
        }
      }
    },
	"sweet_berries": {
      "trigger": "minecraft:consume_item",
      "conditions": {
        "item": {
          "item": "minecraft:sweet_berries"
        }
      }
    },
	"suspicious_stew": {
      "trigger": "minecraft:consume_item",
      "conditions": {
        "item": {
          "item": "minecraft:suspicious_stew"
        }
      }
    }
  },
  "requirements": [
    ["cooked_porkchop"],
	["cooked_beef"],
	["cooked_mutton"],
	["cooked_chicken"],
	["cooked_rabbit"],
	["rabbit_stew"],
	["cooked_cod"],
	["cooked_salmon"],
	["tropical_fish"],
	["eat_pufferfish"],
	["rotten_flesh"],
	["spider_eye"],
	["apple"],
	["baked_potato"],
	["beetroot"],
	["beetroot_soup"],
	["bread"],
	["cake"],
	["carrot"],
	["cookie"],
	["dried_kelp"],
	["golden_apple"],
	["golden_carrot"],
	["honey_bottle"],
	["melon_slice"],
	["milk_bucket"],
	["mushroom_stew"],
	["poisonous_potato"],
	["potato"],
	["pumpkin_pie"],
	["sweet_berries"],
	["suspicious_stew"]
  ]
}