{
  "parent": "paint:adventure/transport/elytra/wingin_it",
  "display": {
    "icon": {
      "item": "minecraft:stick",
	  "nbt": "{CustomModelData:432}"
    },
    "title": {
      "text": "Tight Fit","color":"#0000ff"}
    ,
    "description":
      ["",{"text":"Glide through an End Gateway","color":"white"}]
    ,
    "frame": "task",
    "show_toast": true,
    "announce_to_chat": true,
    "hidden": false
  },
  "criteria": {
    "tight_fit": {
      "trigger": "minecraft:impossible"
    }
  },
  "rewards": {
    "function": "paint:pca/rewards/adventure/transport/elytra/tight_fit"
  },
  "requirements": [
      ["tight_fit"]
  ]
}