{
  "parent": "paint:adventure/transport/elytra/master_glider",
  "display": {
    "icon": {
      "item": "minecraft:stick",
	  "nbt": "{CustomModelData:431}"
    },
    "title": {
      "text": "Wingin' It","color":"#0000ff"}
    ,
    "description":
      ["",{"text":"Obtain an elytra from an End Airship","color":"white"}]
    ,
    "frame": "task",
    "show_toast": true,
    "announce_to_chat": true,
    "hidden": false
  },
  "criteria": {
    "wingin_it": {
      "trigger": "minecraft:inventory_changed",
      "conditions": {
        "items": [
          {
            "item": "minecraft:elytra"
          }
        ]
      }
    }
  },
  "requirements": [
      ["wingin_it"]
  ]
}