{
  "parent": "paint:animals/fish/plenty_of_fish_in_the_sea",
  "display": {
    "icon": {
      "item": "minecraft:stick",
	  "nbt": "{CustomModelData:1301}"
    },
    "title": {
      "text": "Anemone","color":"#ffff00"}
    ,
    "description":
      ["",{"text": "Capture an Orange-Gray Stripey","color":"white"}]
    ,
    "frame": "task",
    "show_toast": true,
    "announce_to_chat": false,
    "hidden": false
  },
  "criteria": {
    "anemone": {
      "trigger": "minecraft:filled_bucket",
      "conditions": {
        "item": {
          "item": "minecraft:tropical_fish_bucket",
		  "nbt": "{BucketVariantTag:117506305}"
        }
      }
    }
  },
  "requirements": [
    [
      "anemone"
    ]
  ]
}