{
  "parent": "paint:animals/fish/anemone",
  "display": {
    "icon": {
      "item": "minecraft:stick",
	  "nbt": "{CustomModelData:1302}"
    },
    "title": {
      "text": "Black Tang","color":"#ffff00"}
    ,
    "description":
      ["",{"text": "Capture a Gray Flopper","color":"white"}]
    ,
    "frame": "task",
    "show_toast": true,
    "announce_to_chat": false,
    "hidden": false
  },
  "criteria": {
    "black_tang": {
      "trigger": "minecraft:filled_bucket",
      "conditions": {
        "item": {
          "item": "minecraft:tropical_fish_bucket",
		  "nbt": "{BucketVariantTag:117899265}"
        }
      }
    }
  },
  "requirements": [
    [
      "black_tang"
    ]
  ]
}