{
  "parent": "paint:animals/fish/black_tang",
  "display": {
    "icon": {
      "item": "minecraft:stick",
	  "nbt": "{CustomModelData:1303}"
    },
    "title": {
      "text": "Blue Tang","color":"#ffff00"}
    ,
    "description":
      ["",{"text": "Capture a Gray-Blue Flopper","color":"white"}]
    ,
    "frame": "task",
    "show_toast": true,
    "announce_to_chat": false,
    "hidden": false
  },
  "criteria": {
    "blue_tang": {
      "trigger": "minecraft:filled_bucket",
      "conditions": {
        "item": {
          "item": "minecraft:tropical_fish_bucket",
		  "nbt": "{BucketVariantTag:185008129}"
        }
      }
    }
  },
  "requirements": [
    [
      "blue_tang"
    ]
  ]
}