{
  "parent": "paint:animals/fish/blue_tang",
  "display": {
    "icon": {
      "item": "minecraft:stick",
	  "nbt": "{CustomModelData:1304}"
    },
    "title": {
      "text": "Butterflyfish","color":"#ffff00"}
    ,
    "description":
      ["",{"text": "Capture a White-Gray Clayfish","color":"white"}]
    ,
    "frame": "task",
    "show_toast": true,
    "announce_to_chat": false,
    "hidden": false
  },
  "criteria": {
    "butterflyfish": {
      "trigger": "minecraft:filled_bucket",
      "conditions": {
        "item": {
          "item": "minecraft:tropical_fish_bucket",
		  "nbt": "{BucketVariantTag:117441793}"
        }
      }
    }
  },
  "requirements": [
    [
      "butterflyfish"
    ]
  ]
}