{
  "parent": "paint:animals/fish/butterflyfish",
  "display": {
    "icon": {
      "item": "minecraft:stick",
	  "nbt": "{CustomModelData:1305}"
    },
    "title": {
      "text": "Cichlid","color":"#ffff00"}
    ,
    "description":
      ["",{"text": "Capture a Blue-Gray Sunstreak","color":"white"}]
    ,
    "frame": "task",
    "show_toast": true,
    "announce_to_chat": false,
    "hidden": false
  },
  "criteria": {
    "cichlid": {
      "trigger": "minecraft:filled_bucket",
      "conditions": {
        "item": {
          "item": "minecraft:tropical_fish_bucket",
		  "nbt": "{BucketVariantTag:118161664}"
        }
      }
    }
  },
  "requirements": [
    [
      "cichlid"
    ]
  ]
}