{
  "parent": "paint:animals/fish/clownfish",
  "display": {
    "icon": {
      "item": "minecraft:stick",
	  "nbt": "{CustomModelData:1307}"
    },
    "title": {
      "text": "Cod","color":"#ffff00"}
    ,
    "description":
      ["",{"text": "Capture a cod","color":"white"}]
    ,
    "frame": "task",
    "show_toast": true,
    "announce_to_chat": false,
    "hidden": false
  },
  "criteria": {
    "cod": {
      "trigger": "minecraft:filled_bucket",
      "conditions": {
        "item": {
          "item": "minecraft:cod_bucket"
        }
      }
    }
  },
  "requirements": [
    [
      "cod"
    ]
  ]
}