{
  "parent": "paint:animals/fish/cod",
  "display": {
    "icon": {
      "item": "minecraft:stick",
	  "nbt": "{CustomModelData:1308}"
    },
    "title": {
      "text": "Cotton Candy Betta","color":"#ffff00"}
    ,
    "description":
      ["",{"text": "Capture a Rose-Sky Spotty","color":"white"}]
    ,
    "frame": "task",
    "show_toast": true,
    "announce_to_chat": false,
    "hidden": false
  },
  "criteria": {
    "cotton_candy_betta": {
      "trigger": "minecraft:filled_bucket",
      "conditions": {
        "item": {
          "item": "minecraft:tropical_fish_bucket",
		  "nbt": "{BucketVariantTag:50726144}"
        }
      }
    }
  },
  "requirements": [
    [
      "cotton_candy_betta"
    ]
  ]
}