{
  "parent": "paint:animals/fish/cotton_candy_betta",
  "display": {
    "icon": {
      "item": "minecraft:stick",
	  "nbt": "{CustomModelData:1309}"
    },
    "title": {
      "text": "Dottyback","color":"#ffff00"}
    ,
    "description":
      ["",{"text": "Capture a Plum-Yellow Blockfish","color":"white"}]
    ,
    "frame": "task",
    "show_toast": true,
    "announce_to_chat": false,
    "hidden": false
  },
  "criteria": {
    "dottyback": {
      "trigger": "minecraft:filled_bucket",
      "conditions": {
        "item": {
          "item": "minecraft:tropical_fish_bucket",
		  "nbt": "{BucketVariantTag:67764993}"
        }
      }
    }
  },
  "requirements": [
    [
      "dottyback"
    ]
  ]
}