{
  "parent": "paint:animals/fish/dottyback",
  "display": {
    "icon": {
      "item": "minecraft:stick",
	  "nbt": "{CustomModelData:1310}"
    },
    "title": {
      "text": "Emperor Red Snapper","color":"#ffff00"}
    ,
    "description":
      ["",{"text": "Capture a White-Red Clayfish","color":"white"}]
    ,
    "frame": "task",
    "show_toast": true,
    "announce_to_chat": false,
    "hidden": false
  },
  "criteria": {
    "emperor_red_snapper": {
      "trigger": "minecraft:filled_bucket",
      "conditions": {
        "item": {
          "item": "minecraft:tropical_fish_bucket",
		  "nbt": "{BucketVariantTag:234882305}"
        }
      }
    }
  },
  "requirements": [
    [
      "emperor_red_snapper"
    ]
  ]
}