{
  "parent": "paint:animals/fish/moorish_idol",
  "display": {
    "icon": {
      "item": "minecraft:stick",
	  "nbt": "{CustomModelData:1313}"
    },
    "title": {
      "text": "Ornate Butterflyfish","color":"#ffff00"}
    ,
    "description":
      ["",{"text": "Capture a White-Orange Clayfish","color":"white"}]
    ,
    "frame": "task",
    "show_toast": true,
    "announce_to_chat": false,
    "hidden": false
  },
  "criteria": {
    "ornate_butterflyfish": {
      "trigger": "minecraft:filled_bucket",
      "conditions": {
        "item": {
          "item": "minecraft:tropical_fish_bucket",
		  "nbt": "{BucketVariantTag:16778497}"
        }
      }
    }
  },
  "requirements": [
    [
      "ornate_butterflyfish"
    ]
  ]
}