{
  "parent": "paint:animals/fish/ornate_butterflyfish",
  "display": {
    "icon": {
      "item": "minecraft:stick",
	  "nbt": "{CustomModelData:1314}"
    },
    "title": {
      "text": "Parrotfish","color":"#ffff00"}
    ,
    "description":
      ["",{"text": "Capture a Teal-Rose Dasher","color":"white"}]
    ,
    "frame": "task",
    "show_toast": true,
    "announce_to_chat": false,
    "hidden": false
  },
  "criteria": {
    "parrotfish": {
      "trigger": "minecraft:filled_bucket",
      "conditions": {
        "item": {
          "item": "minecraft:tropical_fish_bucket",
		  "nbt": "{BucketVariantTag:101253888}"
        }
      }
    }
  },
  "requirements": [
    [
      "parrotfish"
    ]
  ]
}