{
  "parent": "paint:animals/animal_lover",
  "display": {
    "icon": {
      "item": "minecraft:stick",
	  "nbt": "{CustomModelData:1300}"
    },
    "title":
      {"text": "Plenty Of Fish In The Sea","color":"#ffff00"}
    ,
    "description":
      ["",{"text": "Bucket the 22 most common tropical fish variants and the 3 non-tropical fish","color":"white"}]
    ,
    "frame": "challenge",
    "show_toast": true,
    "announce_to_chat": true,
    "hidden": false
  },
  "criteria": {
    "anemone": {
      "trigger": "minecraft:filled_bucket",
      "conditions": {
        "item": {
          "item": "minecraft:tropical_fish_bucket",
		  "nbt": "{BucketVariantTag:117506305}"
        }
      }
    },
	"black_tang": {
      "trigger": "minecraft:filled_bucket",
      "conditions": {
        "item": {
          "item": "minecraft:tropical_fish_bucket",
		  "nbt": "{BucketVariantTag:117899265}"
        }
      }
    },
	"blue_tang": {
      "trigger": "minecraft:filled_bucket",
      "conditions": {
        "item": {
          "item": "minecraft:tropical_fish_bucket",
		  "nbt": "{BucketVariantTag:185008129}"
        }
      }
    },
	"butterflyfish": {
      "trigger": "minecraft:filled_bucket",
      "conditions": {
        "item": {
          "item": "minecraft:tropical_fish_bucket",
		  "nbt": "{BucketVariantTag:117441793}"
        }
      }
    },
	"cichlid": {
      "trigger": "minecraft:filled_bucket",
      "conditions": {
        "item": {
          "item": "minecraft:tropical_fish_bucket",
		  "nbt": "{BucketVariantTag:118161664}"
        }
      }
    },
	 "clownfish": {
      "trigger": "minecraft:filled_bucket",
      "conditions": {
        "item": {
          "item": "minecraft:tropical_fish_bucket",
		  "nbt": "{BucketVariantTag:65536}"
        }
      }
    },
	"cod": {
      "trigger": "minecraft:filled_bucket",
      "conditions": {
        "item": {
          "item": "minecraft:cod_bucket"
        }
      }
    },
	 "cotton_candy_betta": {
      "trigger": "minecraft:filled_bucket",
      "conditions": {
        "item": {
          "item": "minecraft:tropical_fish_bucket",
		  "nbt": "{BucketVariantTag:50726144}"
        }
      }
    },
	"dottyback": {
      "trigger": "minecraft:filled_bucket",
      "conditions": {
        "item": {
          "item": "minecraft:tropical_fish_bucket",
		  "nbt": "{BucketVariantTag:67764993}"
        }
      }
    },
	"emperor_red_snapper": {
      "trigger": "minecraft:filled_bucket",
      "conditions": {
        "item": {
          "item": "minecraft:tropical_fish_bucket",
		  "nbt": "{BucketVariantTag:234882305}"
        }
      }
    },
	"goatfish": {
      "trigger": "minecraft:filled_bucket",
      "conditions": {
        "item": {
          "item": "minecraft:tropical_fish_bucket",
		  "nbt": "{BucketVariantTag:67110144}"
        }
      }
    },
	"moorish_idol": {
      "trigger": "minecraft:filled_bucket",
      "conditions": {
        "item": {
          "item": "minecraft:tropical_fish_bucket",
		  "nbt": "{BucketVariantTag:117441025}"
        }
      }
    },
	"ornate_butterflyfish": {
      "trigger": "minecraft:filled_bucket",
      "conditions": {
        "item": {
          "item": "minecraft:tropical_fish_bucket",
		  "nbt": "{BucketVariantTag:16778497}"
        }
      }
    },
	"parrotfish": {
      "trigger": "minecraft:filled_bucket",
      "conditions": {
        "item": {
          "item": "minecraft:tropical_fish_bucket",
		  "nbt": "{BucketVariantTag:101253888}"
        }
      }
    },
	"pufferfish": {
      "trigger": "minecraft:filled_bucket",
      "conditions": {
        "item": {
          "item": "minecraft:pufferfish_bucket"
        }
      }
    },
	"queen_angelfish": {
      "trigger": "minecraft:filled_bucket",
      "conditions": {
        "item": {
          "item": "minecraft:tropical_fish_bucket",
		  "nbt": "{BucketVariantTag:50660352}"
        }
      }
    },
	 "red_cichlid": {
      "trigger": "minecraft:filled_bucket",
      "conditions": {
        "item": {
          "item": "minecraft:tropical_fish_bucket",
		  "nbt": "{BucketVariantTag:918529}"
        }
      }
    },
	"red_lipped_blenny": {
      "trigger": "minecraft:filled_bucket",
      "conditions": {
        "item": {
          "item": "minecraft:tropical_fish_bucket",
		  "nbt": "{BucketVariantTag:235340288}"
        }
      }
    },
	"red_snapper": {
      "trigger": "minecraft:filled_bucket",
      "conditions": {
        "item": {
          "item": "minecraft:tropical_fish_bucket",
		  "nbt": "{BucketVariantTag:918273}"
        }
      }
    },
	"salmon": {
      "trigger": "minecraft:filled_bucket",
      "conditions": {
        "item": {
          "item": "minecraft:salmon_bucket"
        }
      }
    },
	"threadfin": {
      "trigger": "minecraft:filled_bucket",
      "conditions": {
        "item": {
          "item": "minecraft:tropical_fish_bucket",
		  "nbt": "{BucketVariantTag:67108865}"
        }
      }
    },
	"tomato_clownfish": {
      "trigger": "minecraft:filled_bucket",
      "conditions": {
        "item": {
          "item": "minecraft:tropical_fish_bucket",
		  "nbt": "{BucketVariantTag:917504}"
        }
      }
    },
	"triggerfish": {
      "trigger": "minecraft:filled_bucket",
      "conditions": {
        "item": {
          "item": "minecraft:tropical_fish_bucket",
		  "nbt": "{BucketVariantTag:459008}"
        }
      }
    },
	"yellow_tang": {
      "trigger": "minecraft:filled_bucket",
      "conditions": {
        "item": {
          "item": "minecraft:tropical_fish_bucket",
		  "nbt": "{BucketVariantTag:67371009}"
        }
      }
    },
	"yellowtail_parrotfish": {
      "trigger": "minecraft:filled_bucket",
      "conditions": {
        "item": {
          "item": "minecraft:tropical_fish_bucket",
		  "nbt": "{BucketVariantTag:67699456}"
        }
      }
    }
  },
  "requirements": [
    ["anemone"],
	["black_tang"],
	["blue_tang"],
	["butterflyfish"],
	["cichlid"],
	["clownfish"],
	["cod"],
	["cotton_candy_betta"],
	["dottyback"],
	["emperor_red_snapper"],
	["goatfish"],
	["moorish_idol"],
	["ornate_butterflyfish"],
	["parrotfish"],
	["pufferfish"],
	["queen_angelfish"],
	["red_cichlid"],
	["red_lipped_blenny"],
	["red_snapper"],
	["salmon"],
	["threadfin"],
	["tomato_clownfish"],
	["triggerfish"],
	["yellow_tang"],
	["yellowtail_parrotfish"]
  ]
}