{
  "parent": "paint:animals/fish/red_lipped_blenny",
  "display": {
    "icon": {
      "item": "minecraft:stick",
	  "nbt": "{CustomModelData:1319}"
    },
    "title": {
      "text": "Red Snapper","color":"#ffff00"}
    ,
    "description":
      ["",{"text": "Capture a Red-White Blockfish","color":"white"}]
    ,
    "frame": "task",
    "show_toast": true,
    "announce_to_chat": false,
    "hidden": false
  },
  "criteria": {
    "red_snapper": {
      "trigger": "minecraft:filled_bucket",
      "conditions": {
        "item": {
          "item": "minecraft:tropical_fish_bucket",
		  "nbt": "{BucketVariantTag:918273}"
        }
      }
    }
  },
  "requirements": [
    [
      "red_snapper"
    ]
  ]
}