{
  "parent": "paint:animals/fish/red_cichlid",
  "display": {
    "icon": {
      "item": "minecraft:stick",
	  "nbt": "{CustomModelData:1318}"
    },
    "title": {
      "text": "Red Lipped Blenny","color":"#ffff00"}
    ,
    "description":
      ["",{"text": "Capture a Gray-Red Snooper","color":"white"}]
    ,
    "frame": "task",
    "show_toast": true,
    "announce_to_chat": false,
    "hidden": false
  },
  "criteria": {
    "red_lipped_blenny": {
      "trigger": "minecraft:filled_bucket",
      "conditions": {
        "item": {
          "item": "minecraft:tropical_fish_bucket",
		  "nbt": "{BucketVariantTag:235340288}"
        }
      }
    }
  },
  "requirements": [
    [
      "red_lipped_blenny"
    ]
  ]
}