{
  "parent": "paint:animals/fish/threadfin",
  "display": {
    "icon": {
      "item": "minecraft:stick",
	  "nbt": "{CustomModelData:1322}"
    },
    "title": {
      "text": "Tomato Clownfish","color":"#ffff00"}
    ,
    "description":
      ["",{"text": "Capture a Red-White Kob","color":"white"}]
    ,
    "frame": "task",
    "show_toast": true,
    "announce_to_chat": false,
    "hidden": false
  },
  "criteria": {
    "tomato_clownfish": {
      "trigger": "minecraft:filled_bucket",
      "conditions": {
        "item": {
          "item": "minecraft:tropical_fish_bucket",
		  "nbt": "{BucketVariantTag:917504}"
        }
      }
    }
  },
  "requirements": [
    [
      "tomato_clownfish"
    ]
  ]
}