{
  "parent": "paint:animals/fish/yellowtail_parrotfish",
  "display": {
    "icon": {
      "item": "minecraft:stick",
	  "nbt": "{CustomModelData:1325}"
    },
    "title": {
      "text": "Yellow Tang","color":"#ffff00"}
    ,
    "description":
      ["",{"text": "Capture a Yellow Flopper","color":"white"}]
    ,
    "frame": "task",
    "show_toast": true,
    "announce_to_chat": false,
    "hidden": false
  },
  "criteria": {
    "yellow_tang": {
      "trigger": "minecraft:filled_bucket",
      "conditions": {
        "item": {
          "item": "minecraft:tropical_fish_bucket",
		  "nbt": "{BucketVariantTag:67371009}"
        }
      }
    }
  },
  "requirements": [
    [
      "yellow_tang"
    ]
  ]
}