{
  "parent": "paint:animals/taming/misc/wolf",
  "display": {
    "icon": {
      "item": "minecraft:stick",
	  "nbt": "{CustomModelData:1542}"
    },
    "title": {
      "text": "Donkey","color":"#ffff00"}
    ,
    "description":
      ["",{"text": "Tame a donkey","color":"white"}]
    ,
    "frame": "task",
    "show_toast": true,
    "announce_to_chat": true,
    "hidden": false
  },
  "criteria": {
    "donkey": {
      "trigger": "minecraft:tame_animal",
      "conditions": {
        "entity": {
			"type": "minecraft:donkey"
        }
      }
    }
  },
  "requirements": [
    [
      "donkey"
    ]
  ]
}