{
  "parent": "paint:animals/taming/misc/donkey",
  "display": {
    "icon": {
      "item": "minecraft:stick",
	  "nbt": "{CustomModelData:1543}"
    },
    "title": {
      "text": "Mule","color":"#ffff00"}
    ,
    "description":
      ["",{"text": "Tame a mule","color":"white"}]
    ,
    "frame": "task",
    "show_toast": true,
    "announce_to_chat": true,
    "hidden": false
  },
  "criteria": {
    "half-assed": {
      "trigger": "minecraft:tame_animal",
      "conditions": {
        "entity": {
			"type": "minecraft:mule"
        }
      }
    }
  },
  "requirements": [
    [
      "half-assed"
    ]
  ]
}