{
  "parent": "paint:adventure/villages/village_explorer",
  "display": {
    "icon": {
      "item": "minecraft:stick",
	  "nbt": "{CustomModelData:301}"
    },
    "title": {
      "text": "Plains Village","color":"#0000ff"}
    ,
    "description":
      ["",{"text":"Visit a plains village","color":"white"}]
    ,
    "frame": "task",
    "show_toast": true,
    "announce_to_chat": false,
    "hidden": false
  },
  "criteria": {
    "plains_village": {
      "trigger": "minecraft:location",
      "conditions": {
        "feature": "village",
		"biome": "minecraft:plains"
      }
    }
  },
  "requirements": [
    ["plains_village"]
  ]
}