{
  "parent": "paint:adventure/villages/desert_village",
  "display": {
    "icon": {
      "item": "minecraft:stick",
	  "nbt": "{CustomModelData:304}"
    },
    "title": {
      "text": "Savanna Village","color":"#0000ff"}
    ,
    "description":
      ["",{"text":"Visit a savanna village","color":"white"}]
    ,
    "frame": "task",
    "show_toast": true,
    "announce_to_chat": false,
    "hidden": false
  },
  "criteria": {
    "savanna_village": {
      "trigger": "minecraft:location",
      "conditions": {
        "feature": "village",
		"biome": "minecraft:savanna"
      }
    }
  },
  "requirements": [
    ["savanna_village"]
  ]
}