{
  "parent": "paint:adventure/villages/plains_village",
  "display": {
    "icon": {
      "item": "minecraft:stick",
	  "nbt": "{CustomModelData:302}"
    },
    "title": {
      "text": "Taiga Village","color":"#0000ff"}
    ,
    "description":
      ["",{"text":"Visit a taiga village","color":"white"}]
    ,
    "frame": "task",
    "show_toast": true,
    "announce_to_chat": false,
    "hidden": false
  },
  "criteria": {
    "taiga_village": {
      "trigger": "minecraft:location",
      "conditions": {
        "feature": "village",
		"biome": "minecraft:taiga"
      }
    }
  },
  "requirements": [
    ["taiga_village"]
  ]
}