{
  "parent": "paint:adventure/biomes/globetrotter",
  "display": {
    "icon": {
      "item": "minecraft:stick",
	  "nbt": "{CustomModelData:50}"
    },
    "title": {
      "text": "Desert Explorer","color":"#0000ff"}
    ,
    "description":
      ["",{"text":"Visit all warm biomes","color":"white"}]
    ,
    "frame": "goal",
    "show_toast": true,
    "announce_to_chat": false,
    "hidden": false
  },
  "criteria": {
    "desert": {
      "trigger": "minecraft:location",
      "conditions": {
        "biome": "minecraft:desert"
      }
    },
	"desert_hills": {
      "trigger": "minecraft:location",
      "conditions": {
        "biome": "minecraft:desert_hills"
      }
    },
	"desert_lakes": {
      "trigger": "minecraft:location",
      "conditions": {
        "biome": "minecraft:desert_lakes"
      }
    },
	"savanna": {
      "trigger": "minecraft:location",
      "conditions": {
        "biome": "minecraft:savanna"
      }
    },
	"savanna_plateau": {
      "trigger": "minecraft:location",
      "conditions": {
        "biome": "minecraft:savanna_plateau"
      }
    },
	"shattered_savanna": {
      "trigger": "minecraft:location",
      "conditions": {
        "biome": "minecraft:shattered_savanna"
      }
    },
	"shattered_savanna_plateau": {
      "trigger": "minecraft:location",
      "conditions": {
        "biome": "minecraft:shattered_savanna_plateau"
      }
    },
	"badlands": {
      "trigger": "minecraft:location",
      "conditions": {
        "biome": "minecraft:badlands"
      }
    },
	"wooded_badlands_plateau": {
      "trigger": "minecraft:location",
      "conditions": {
        "biome": "minecraft:wooded_badlands_plateau"
      }
    },
	"eroded_badlands": {
      "trigger": "minecraft:location",
      "conditions": {
        "biome": "minecraft:eroded_badlands"
      }
    }
  },
  "requirements": [
    [
      "desert",
	  "desert_hills"
    ],
	[
      "desert_lakes"
    ],
	[
      "savanna",
	  "savanna_plateau"
    ],
	[
      "shattered_savanna",
	  "shattered_savanna_plateau"
    ],
	[
      "badlands"
    ],
	[
      "wooded_badlands_plateau"
    ],
	[
      "eroded_badlands"
    ]
  ]
}