{
  "parent": "paint:adventure/biomes/warm/all_warm_biomes",
  "display": {
    "icon": {
      "item": "minecraft:stick",
	  "nbt": "{CustomModelData:51}"
    },
    "title": {
      "text": "Desert","color":"#0000ff"}
    ,
    "description":
      ["",{"text":"Visit the desert or desert hills","color":"white"}]
    ,
    "frame": "task",
    "show_toast": true,
    "announce_to_chat": false,
    "hidden": false
  },
  "criteria": {
    "desert": {
      "trigger": "minecraft:location",
      "conditions": {
        "biome": "minecraft:desert"
      }
    },
	"desert_hills": {
      "trigger": "minecraft:location",
      "conditions": {
        "biome": "minecraft:desert_hills"
      }
    }
  },
  "requirements": [
    [
      "desert",
	  "desert_hills"
    ]
  ]
}