{
  "parent": "paint:adventure/biomes/warm/desert",
  "display": {
    "icon": {
      "item": "minecraft:stick",
	  "nbt": "{CustomModelData:52}"
    },
    "title": {
      "text": "Desert Lakes","color":"#0000ff"}
    ,
    "description":
      ["",{"text":"Visit the desert lakes","color":"white"}]
    ,
    "frame": "task",
    "show_toast": true,
    "announce_to_chat": false,
    "hidden": false
  },
  "criteria": {
    "desert_lakes": {
      "trigger": "minecraft:location",
      "conditions": {
        "biome": "minecraft:desert_lakes"
      }
    }
  },
  "requirements": [
    [
      "desert_lakes"
    ]
  ]
}