{
  "parent": "paint:adventure/biomes/warm/wooded_badlands_plateau",
  "display": {
    "icon": {
      "item": "minecraft:stick",
	  "nbt": "{CustomModelData:57}"
    },
    "title": {
      "text": "Eroded Badlands","color":"#0000ff"}
    ,
    "description":
      ["",{"text":"Visit the eroded badlands","color":"white"}]
    ,
    "frame": "task",
    "show_toast": true,
    "announce_to_chat": false,
    "hidden": false
  },
  "criteria": {
    "eroded_badlands": {
      "trigger": "minecraft:location",
      "conditions": {
        "biome": "minecraft:eroded_badlands"
      }
    }
  },
  "requirements": [
    [
      "eroded_badlands"
    ]
  ]
}