{
  "parent": "paint:adventure/biomes/warm/desert_lakes",
  "display": {
    "icon": {
      "item": "minecraft:stick",
	  "nbt": "{CustomModelData:53}"
    },
    "title": {
      "text": "Savanna","color":"#0000ff"}
    ,
    "description":
      ["",{"text":"Visit the savanna or savanna plateau","color":"white"}]
    ,
    "frame": "task",
    "show_toast": true,
    "announce_to_chat": false,
    "hidden": false
  },
  "criteria": {
    "savanna": {
      "trigger": "minecraft:location",
      "conditions": {
        "biome": "minecraft:savanna"
      }
    },
	"savanna_plateau": {
      "trigger": "minecraft:location",
      "conditions": {
        "biome": "minecraft:savanna_plateau"
      }
    }
  },
  "requirements": [
    [
      "savanna",
	  "savanna_plateau"
    ]
  ]
}