{
  "parent": "paint:adventure/biomes/warm/savanna",
  "display": {
    "icon": {
      "item": "minecraft:stick",
	  "nbt": "{CustomModelData:54}"
    },
    "title": {
      "text": "Shattered Savanna","color":"#0000ff"}
    ,
    "description":
      ["",{"text":"Visit the shattered savanna","color":"white"}]
    ,
    "frame": "task",
    "show_toast": true,
    "announce_to_chat": false,
    "hidden": false
  },
  "criteria": {
    "shattered_savanna": {
      "trigger": "minecraft:location",
      "conditions": {
        "biome": "minecraft:shattered_savanna"
      }
    },
	"shattered_savanna_plateau": {
      "trigger": "minecraft:location",
      "conditions": {
        "biome": "minecraft:shattered_savanna_plateau"
      }
    }
  },
  "requirements": [
    [
      "shattered_savanna",
	  "shattered_savanna_plateau"
    ]
  ]
}