{
  "parent": "paint:adventure/biomes/warm/badlands",
  "display": {
    "icon": {
      "item": "minecraft:stick",
	  "nbt": "{CustomModelData:56}"
    },
    "title": {
      "text": "Wooded Badlands Plateau","color":"#0000ff"}
    ,
    "description":
      ["",{"text":"Visit the wooded badlands plateau","color":"white"}]
    ,
    "frame": "task",
    "show_toast": true,
    "announce_to_chat": false,
    "hidden": false
  },
  "criteria": {
    "wooded_badlands_plateau": {
      "trigger": "minecraft:location",
      "conditions": {
        "biome": "minecraft:wooded_badlands_plateau"
      }
    }
  },
  "requirements": [
    [
      "wooded_badlands_plateau"
    ]
  ]
}