{
  "parent": "paint:animals/sheep/green_sheep",
  "display": {
    "icon": {
      "item": "minecraft:stick",
	  "nbt": "{CustomModelData:1407}"
    },
    "title": {
      "text": "Cyan Sheep","color":"#ffff00"}
    ,
    "description":
      ["",{"text": "Have 5 cyan sheep around you in a 10m radius","color":"white"}]
    ,
    "frame": "task",
    "show_toast": true,
    "announce_to_chat": false,
    "hidden": false
  },
  "criteria": {
    "cyan_sheep": {
      "trigger": "minecraft:impossible"
	  }
	},
	"rewards": {
    "function": "paint:pca/rewards/animals/sheep/cyan_sheep"
  },
  "requirements": [
    [
      "cyan_sheep"
    ]
  ]
}