{
  "parent": "paint:animals/sheep/red_sheep",
  "display": {
    "icon": {
      "item": "minecraft:stick",
	  "nbt": "{CustomModelData:1403}"
    },
    "title": {
      "text": "Orange Sheep","color":"#ffff00"}
    ,
    "description":
      ["",{"text": "Have 5 orange sheep around you in a 10m radius","color":"white"}]
    ,
    "frame": "task",
    "show_toast": true,
    "announce_to_chat": false,
    "hidden": false
  },
  "criteria": {
    "orange_sheep": {
      "trigger": "minecraft:impossible"
	  }
	},
	"rewards": {
    "function": "paint:pca/rewards/animals/sheep/orange_sheep"
  },
  "requirements": [
    [
      "orange_sheep"
    ]
  ]
}