{
  "parent": "paint:animals/sheep/brown_sheep",
  "display": {
    "icon": {
      "item": "minecraft:stick",
	  "nbt": "{CustomModelData:1402}"
    },
    "title": {
      "text": "Red Sheep","color":"#ffff00"}
    ,
    "description":
      ["",{"text": "Have 5 red sheep around you in a 10m radius","color":"white"}]
    ,
    "frame": "task",
    "show_toast": true,
    "announce_to_chat": false,
    "hidden": false
  },
  "criteria": {
    "red_sheep": {
      "trigger": "minecraft:impossible"
	  }
	},
	"rewards": {
    "function": "paint:pca/rewards/animals/sheep/red_sheep"
  },
  "requirements": [
    [
      "red_sheep"
    ]
  ]
}