{
  "parent": "paint:adventure/biomes/globetrotter",
  "display": {
    "icon": {
      "item": "minecraft:stick",
	  "nbt": "{CustomModelData:70}"
    },
    "title": {
      "text": "Nether Explorer","color":"#0000ff"}
    ,
    "description":
      ["",{"text":"Visit all the nether biomes","color":"white"}]
    ,
    "frame": "goal",
    "show_toast": true,
    "announce_to_chat": false,
    "hidden": false
  },
  "criteria": {
    "nether_wastes": {
      "trigger": "minecraft:location",
      "conditions": {
        "biome": "minecraft:nether_wastes"
      }
    },
	"crimson_forest": {
      "trigger": "minecraft:location",
      "conditions": {
        "biome": "minecraft:crimson_forest"
      }
    },
	"warped_forest": {
      "trigger": "minecraft:location",
      "conditions": {
        "biome": "minecraft:warped_forest"
      }
    },
	"soul_sand_valley": {
      "trigger": "minecraft:location",
      "conditions": {
        "biome": "minecraft:soul_sand_valley"
      }
    },
	"basalt_deltas": {
      "trigger": "minecraft:location",
      "conditions": {
        "biome": "minecraft:basalt_deltas"
      }
    }
  },
  "requirements": [
	["nether_wastes"],
    ["crimson_forest"],
	["warped_forest"],
	["soul_sand_valley"],
	["basalt_deltas"]
  ]
}