{
  "parent": "paint:adventure/biomes/nether/soul_sand_valley",
  "display": {
    "icon": {
      "item": "minecraft:stick",
	  "nbt": "{CustomModelData:75}"
    },
    "title": {
      "text": "Basalt Deltas","color":"#0000ff"}
    ,
    "description":
      ["",{"text":"Visit the basalt deltas","color":"white"}]
    ,
    "frame": "task",
    "show_toast": true,
    "announce_to_chat": false,
    "hidden": false
  },
  "criteria": {
    "basalt_deltas": {
      "trigger": "minecraft:location",
      "conditions": {
        "biome": "minecraft:basalt_deltas"
      }
    }
  },
  "requirements": [
    ["basalt_deltas"]
  ]
}