{
  "parent": "paint:adventure/biomes/nether/nether_wastes",
  "display": {
    "icon": {
      "item": "minecraft:stick",
	  "nbt": "{CustomModelData:72}"
    },
    "title": {
      "text": "Crimson Forest","color":"#0000ff"}
    ,
    "description":
      ["",{"text":"Visit the crimson forest","color":"white"}]
    ,
    "frame": "task",
    "show_toast": true,
    "announce_to_chat": false,
    "hidden": false
  },
  "criteria": {
    "crimson_forest": {
      "trigger": "minecraft:location",
      "conditions": {
        "biome": "minecraft:crimson_forest"
      }
    }
  },
  "requirements": [
    [
      "crimson_forest"
    ]
  ]
}