{
  "parent": "paint:adventure/biomes/nether/all_nether_biomes",
  "display": {
    "icon": {
      "item": "minecraft:stick",
	  "nbt": "{CustomModelData:71}"
    },
    "title": {
      "text": "Nether Wastes","color":"#0000ff"}
    ,
    "description":
      ["",{"text":"Visit the nether wastes","color":"white"}]
    ,
    "frame": "task",
    "show_toast": true,
    "announce_to_chat": false,
    "hidden": false
  },
  "criteria": {
    "nether_wastes": {
      "trigger": "minecraft:location",
      "conditions": {
        "biome": "minecraft:nether_wastes"
      }
    }
  },
  "requirements": [
    [
      "nether_wastes"
    ]
  ]
}