{
  "parent": "paint:adventure/biomes/nether/warped_forest",
  "display": {
    "icon": {
      "item": "minecraft:stick",
	  "nbt": "{CustomModelData:74}"
    },
    "title": {
      "text": "Sand Soul Valley","color":"#0000ff"}
    ,
    "description":
      ["",{"text":"Visit the soul sand valley","color":"white"}]
    ,
    "frame": "task",
    "show_toast": true,
    "announce_to_chat": false,
    "hidden": false
  },
  "criteria": {
    "soul_sand_valley": {
      "trigger": "minecraft:location",
      "conditions": {
        "biome": "minecraft:soul_sand_valley"
      }
    }
  },
  "requirements": [
    [
      "soul_sand_valley"
    ]
  ]
}