{
  "parent": "paint:adventure/biomes/nether/crimson_forest",
  "display": {
    "icon": {
      "item": "minecraft:stick",
	  "nbt": "{CustomModelData:73}"
    },
    "title": {
      "text": "Warped Forest","color":"#0000ff"}
    ,
    "description":
      ["",{"text":"Visit the warped forest","color":"white"}]
    ,
    "frame": "task",
    "show_toast": true,
    "announce_to_chat": false,
    "hidden": false
  },
  "criteria": {
    "warped_forest": {
      "trigger": "minecraft:location",
      "conditions": {
        "biome": "minecraft:warped_forest"
      }
    }
  },
  "requirements": [
    [
      "warped_forest"
    ]
  ]
}