{
  "parent": "paint:adventure/intrepid_adventurer",
  "display": {
    "icon": {
      "item": "minecraft:stick",
	  "nbt": "{CustomModelData:450}"
    },
    "title": {
      "text": "Exclusive Loot","color":"#0000ff"}
    ,
    "description":
      ["",{"text":"Obtain all the items you can only get from looting chests","color":"white"}]
    ,
    "frame": "challenge",
    "show_toast": true,
    "announce_to_chat": true,
    "hidden": false
  },
  "criteria": {
    "iron_horse_armor": {
		"trigger": "minecraft:inventory_changed",
		"conditions": {
			"items": [
				{
				"item": "minecraft:iron_horse_armor"
				}
			]
		}
	},
	"golden_horse_armor": {
		"trigger": "minecraft:inventory_changed",
		"conditions": {
			"items": [
				{
				"item": "minecraft:golden_horse_armor"
				}
			]
		}
	},
	"diamond_horse_armor": {
		"trigger": "minecraft:inventory_changed",
		"conditions": {
			"items": [
				{
				"item": "minecraft:diamond_horse_armor"
				}
			]
		}
	},
	"heart_of_the_sea": {
		"trigger": "minecraft:inventory_changed",
		"conditions": {
			"items": [
				{
				"item": "minecraft:heart_of_the_sea"
				}
			]
		}
	},
	"piglin_banner_pattern": {
		"trigger": "minecraft:inventory_changed",
		"conditions": {
			"items": [
				{
				"item": "minecraft:piglin_banner_pattern"
				}
			]
		}
	}
  },
  "requirements": [
    ["iron_horse_armor"],
	["golden_horse_armor"],
	["diamond_horse_armor"],
	["heart_of_the_sea"],
	["piglin_banner_pattern"]
  ]
}