{
  "parent": "paint:adventure/loot/iron_horse_armor",
  "display": {
    "icon": {
      "item": "minecraft:golden_horse_armor"
    },
    "title": {
      "text": "Golden Horse Armor","color":"#0000ff"}
    ,
    "description":
      ["",{"text":"Obtain golden horse armor from a chest","color":"white"}]
    ,
    "frame": "task",
    "show_toast": true,
    "announce_to_chat": true,
    "hidden": false
  },
  "criteria": {
    "golden_horse_armor": {
		"trigger": "minecraft:inventory_changed",
		"conditions": {
			"items": [
				{
				"item": "minecraft:golden_horse_armor"
				}
			]
		}
	}
  },
  "requirements": [
    ["golden_horse_armor"]
  ]
}