{
  "parent": "paint:adventure/loot/diamond_horse_armor",
  "display": {
    "icon": {
      "item": "minecraft:heart_of_the_sea"
    },
    "title": {
      "text": "Heart Of The Sea","color":"#0000ff"}
    ,
    "description":
      ["",{"text":"Obtain the heart of the sea","color":"white"}]
    ,
    "frame": "task",
    "show_toast": true,
    "announce_to_chat": true,
    "hidden": false
  },
  "criteria": {
    "heart_of_the_sea": {
		"trigger": "minecraft:inventory_changed",
		"conditions": {
			"items": [
				{
				"item": "minecraft:heart_of_the_sea"
				}
			]
		}
	}
  },
  "requirements": [
    ["heart_of_the_sea"]
  ]
}