{
  "parent": "paint:adventure/loot/heart_of_the_sea",
  "display": {
    "icon": {
      "item": "minecraft:piglin_banner_pattern"
    },
    "title": {
      "text": "Piglin Banner Pattern","color":"#0000ff"}
    ,
    "description":
      ["",{"text":"Obtain a piglin banner pattern","color":"white"}]
    ,
    "frame": "task",
    "show_toast": true,
    "announce_to_chat": true,
    "hidden": false
  },
  "criteria": {
    "piglin_banner_pattern": {
		"trigger": "minecraft:inventory_changed",
		"conditions": {
			"items": [
				{
				"item": "minecraft:piglin_banner_pattern"
				}
			]
		}
	}
  },
  "requirements": [
    ["piglin_banner_pattern"]
  ]
}