{
  "parent": "paint:adventure/transport/minecart/ready_to_rail",
  "display": {
    "icon": {
      "item": "minecraft:stick",
	  "nbt": "{CustomModelData:412}"
    },
    "title": {
      "text": "Captured","color":"#0000ff"}
    ,
    "description":
      ["",{"text":"Capture an illager patrol leader in a minecart and punch them","color":"white"}]
    ,
    "frame": "task",
    "show_toast": true,
    "announce_to_chat": true,
    "hidden": false
  },
  "criteria": {
    "captured": {
      "trigger": "minecraft:player_hurt_entity",
      "conditions": {
        "entity": [
          {
            "condition": "minecraft:entity_properties",
            "predicate": {
              "vehicle": {
                "type": "minecraft:minecart"
              },
			  "nbt": "{PatrolLeader:1b}"
            },
            "entity": "this"
          }
        ]
      }
    }
  },
  "requirements": [
      ["captured"]
  ]
}