{
  "parent": "paint:adventure/transport/minecart/on_a_rail",
  "display": {
    "icon": {
      "item": "minecraft:stick",
	  "nbt": "{CustomModelData:414}"
    },
    "title": {
      "text": "Tour De Force","color":"#0000ff"}
    ,
    "description":
      ["",{"text":"Use a railway to visit these three structures in one minecart journey:\n* Desert Pyramid\n* Pillager Outpost\n* Ocean Monument\nGetting out will reset your progress.","color":"white"}]
    ,
    "frame": "task",
    "show_toast": true,
    "announce_to_chat": true,
    "hidden": false
  },
  "criteria": {
    "tour_de_force_desert_pyramid": {
      "trigger": "minecraft:location",
      "conditions": {
        "feature": "desert_pyramid",
		"player": {
			"entity_properties": {
				"predicate": {
					"nbt": "{RootVehicle:{Entity:{id:\"minecraft:minecart\"}}}"
				}
			}
		}
      }
    },
	"tour_de_force_pillager_outpost": {
      "trigger": "minecraft:location",
      "conditions": {
        "feature": "pillager_outpost",
		"player": {
			"entity_properties": {
				"predicate": {
					"nbt": "{RootVehicle:{Entity:{id:\"minecraft:minecart\"}}}"
				}
			}
		}
      }
    },
	"tour_de_force_ocean_monument": {
      "trigger": "minecraft:location",
      "conditions": {
        "feature": "monument",
		"player": {
			"entity_properties": {
				"predicate": {
					"nbt": "{RootVehicle:{Entity:{id:\"minecraft:minecart\"}}}"
				}
			}
		}
      }
    }
  },
  "rewards": {
    "function": "paint:pca/rewards/adventure/transport/minecart/tour_de_force"
  },
  "requirements": [
	["tour_de_force_desert_pyramid"],
	["tour_de_force_pillager_outpost"],
	["tour_de_force_ocean_monument"]
	]
}