{
  "parent": "paint:combat/misc/uneasy_alliance",
  "display": {
    "icon": {
      "item": "minecraft:stick",
	  "nbt": "{CustomModelData:2458}"
    },
    "title": {
      "text": "A Crackle And A Cackle","color":"#FA0000"}
    ,
    "description":
      ["",{"text":"Channel lightning on to a villager to convert it to a witch","color":"white"}]
    ,
    "frame": "task",
    "show_toast": true,
    "announce_to_chat": true,
    "hidden": false
  },
  "criteria": {
    "a_crackle_and_a_cackle": {
      "trigger": "minecraft:channeled_lightning",
      "conditions": {
        "victims": [
          {
            "type": "minecraft:villager"
          }
        ]
      }
	}
  },
  "requirements": [
    ["a_crackle_and_a_cackle"]
  ]
}