{
  "parent": "paint:combat/ultimate_warrior",
  "display": {
    "icon": {
      "item": "minecraft:stick",
	  "nbt": "{CustomModelData:2450}"
    },
    "title": {
      "text": "Above and Beyond","color":"#FA0000"}
    ,
    "description":
      ["",{"text":"Complete all misc combat advancements. ","color":"white"},{"text":"Tasks announced in chat.","color":"dark_gray"}]
    ,
    "frame": "challenge",
    "show_toast": true,
    "announce_to_chat": true,
    "hidden": false
  },
  "criteria": {
    "overkill": {
      "trigger": "minecraft:player_hurt_entity",
      "conditions": {
        "damage": {
			"taken": {
				"min": 20.0
			},
			"type": {
				"is_projectile": false
			}
		}
      }
    },
	"stealth_kill": {
      "trigger": "minecraft:player_killed_entity",
      "conditions": {
		"entity": {
			"type": "minecraft:creeper"
		},
        "killing_blow": {
			"direct_entity": {
				"effects": {
					"minecraft:invisibility": {
						"amplifier": {
							"min": 0
						}
					}
				}
			}
		},
		"player": [
          {
            "condition": "minecraft:inverted",
            "term": {
              "condition": "minecraft:entity_properties",
              "predicate": {
                "equipment": {
                  "head": {
                    "tag": "paint:wearable_on_head"
                  }
                }
              },
              "entity": "this"
            }
          },
          {
            "condition": "minecraft:inverted",
            "term": {
              "condition": "minecraft:entity_properties",
              "predicate": {
                "equipment": {
                  "chest": {
                    "tag": "paint:wearable_on_chest"
                  }
                }
              },
              "entity": "this"
            }
          },
          {
            "condition": "minecraft:inverted",
            "term": {
              "condition": "minecraft:entity_properties",
              "predicate": {
                "equipment": {
                  "legs": {
                    "tag": "paint:leggings"
                  }
                }
              },
              "entity": "this"
            }
          },
          {
            "condition": "minecraft:inverted",
            "term": {
              "condition": "minecraft:entity_properties",
              "predicate": {
                "equipment": {
                  "feet": {
                    "tag": "paint:boots"
                  }
                }
              },
              "entity": "this"
            }
          }
        ]
      }
    },
	"in_the_spotlight": {
      "trigger": "minecraft:player_hurt_entity",
      "conditions": {
        "damage":{
			"type": {
				"direct_entity": {
					"type": "minecraft:spectral_arrow"
				}
			}
		},
		"entity": {
			"type": "minecraft:vex"
		}
      }
    },
	"junk_mail": {
      "trigger": "minecraft:player_interacted_with_entity",
      "conditions": {
        "item": {
          "tag": "paint:chainmail_armor"
        },
        "entity": [
          {
            "condition": "minecraft:entity_properties",
            "predicate": {
              "type": "minecraft:armor_stand",
			  "nbt": "{ArmorItems:[{id:\"minecraft:chainmail_boots\"},{id:\"minecraft:chainmail_leggings\"},{id:\"minecraft:chainmail_chestplate\"},{id:\"minecraft:chainmail_helmet\"}]}"
            },
            "entity": "this"
          }
        ]
      }
    },
	"healing_to_death_drowned": {
      "trigger": "minecraft:player_killed_entity",
	  "conditions": {
		"entity": {
			"type": "minecraft:drowned"
		},
		"killing_blow":{
			"direct_entity": {
				"type": "minecraft:potion"
			}
		}
      }
    },
	"healing_to_death_husk": {
      "trigger": "minecraft:player_killed_entity",
	  "conditions": {
		"entity": {
			"type": "minecraft:husk"
		},
		"killing_blow":{
			"direct_entity": {
				"type": "minecraft:potion"
			}
		}
      }
    },
	"healing_to_death_phantom": {
      "trigger": "minecraft:player_killed_entity",
	  "conditions": {
		"entity": {
			"type": "minecraft:phantom"
		},
		"killing_blow":{
			"direct_entity": {
				"type": "minecraft:potion"
			}
		}
      }
    },
	"healing_to_death_skeleton": {
      "trigger": "minecraft:player_killed_entity",
	  "conditions": {
		"entity": {
			"type": "minecraft:skeleton"
		},
		"killing_blow":{
			"direct_entity": {
				"type": "minecraft:potion"
			}
		}
      }
    },
	"healing_to_death_skeleton_horse": {
      "trigger": "minecraft:player_killed_entity",
	  "conditions": {
		"entity": {
			"type": "minecraft:skeleton_horse"
		},
		"killing_blow":{
			"direct_entity": {
				"type": "minecraft:potion"
			}
		}
      }
    },
	"healing_to_death_stray": {
      "trigger": "minecraft:player_killed_entity",
	  "conditions": {
		"entity": {
			"type": "minecraft:stray"
		},
		"killing_blow":{
			"direct_entity": {
				"type": "minecraft:potion"
			}
		}
      }
    },
	"healing_to_death_wither": {
      "trigger": "minecraft:player_killed_entity",
	  "conditions": {
		"entity": {
			"type": "minecraft:wither"
		},
		"killing_blow":{
			"direct_entity": {
				"type": "minecraft:potion"
			}
		}
      }
    },
	"healing_to_death_wither_skeleton": {
      "trigger": "minecraft:player_killed_entity",
	  "conditions": {
		"entity": {
			"type": "minecraft:wither_skeleton"
		},
		"killing_blow":{
			"direct_entity": {
				"type": "minecraft:potion"
			}
		}
      }
    },
	"healing_to_death_zombie": {
      "trigger": "minecraft:player_killed_entity",
	  "conditions": {
		"entity": {
			"type": "minecraft:zombie"
		},
		"killing_blow":{
			"direct_entity": {
				"type": "minecraft:potion"
			}
		}
      }
    },
	"healing_to_death_zombie_villager": {
      "trigger": "minecraft:player_killed_entity",
	  "conditions": {
		"entity": {
			"type": "minecraft:zombie_villager"
		},
		"killing_blow":{
			"direct_entity": {
				"type": "minecraft:potion"
			}
		}
      }
    },
	"healing_to_death_zombified_piglin": {
      "trigger": "minecraft:player_killed_entity",
	  "conditions": {
		"entity": {
			"type": "minecraft:zombified_piglin"
		},
		"killing_blow":{
			"direct_entity": {
				"type": "minecraft:potion"
			}
		}
      }
    },
	"phantasmal_night": {
      "trigger": "minecraft:impossible"
    },
	"uneasy_alliance": {
      "trigger": "minecraft:player_killed_entity",
      "conditions": {
        "entity": {
          "type": "minecraft:ghast",
          "location": {
            "dimension": "minecraft:overworld"
          }
        }
      }
    },
	"a_crackle_and_a_cackle": {
      "trigger": "minecraft:channeled_lightning",
      "conditions": {
        "victims": [
          {
            "type": "minecraft:villager"
          }
        ]
      }
	}
  },
  "requirements": [
    ["overkill"],
	["stealth_kill"],
	["in_the_spotlight"],
	["junk_mail"],
	[
	"healing_to_death_drowned",
	"healing_to_death_husk",
	"healing_to_death_phantom",
	"healing_to_death_skeleton",
	"healing_to_death_skeleton_horse",
	"healing_to_death_stray",
	"healing_to_death_wither",
	"healing_to_death_wither_skeleton",
	"healing_to_death_zombie",
	"healing_to_death_zombie_villager",
	"healing_to_death_zombified_piglin"
	],
	["phantasmal_night"],
	["uneasy_alliance"],
	["a_crackle_and_a_cackle"]
  ]
}