{
  "parent": "paint:combat/misc/above_and_beyond",
  "display": {
    "icon": {
      "item": "minecraft:splash_potion",
	  "nbt": "{Potion:\"minecraft:strong_healing\"}"
    },
    "title": {
      "text": "Healing to Death","color":"#FA0000"}
    ,
    "description":
      ["",{"text":"Kill an undead mob with a splash potion of healing","color":"white"}]
    ,
    "frame": "task",
    "show_toast": true,
    "announce_to_chat": true,
    "hidden": false
  },
  "criteria": {
    "healing_to_death_drowned": {
      "trigger": "minecraft:player_killed_entity",
	  "conditions": {
		"entity": {
			"type": "minecraft:drowned"
		},
		"killing_blow":{
			"direct_entity": {
				"type": "minecraft:potion"
			}
		}
      }
    },
	"healing_to_death_husk": {
      "trigger": "minecraft:player_killed_entity",
	  "conditions": {
		"entity": {
			"type": "minecraft:husk"
		},
		"killing_blow":{
			"direct_entity": {
				"type": "minecraft:potion"
			}
		}
      }
    },
	"healing_to_death_phantom": {
      "trigger": "minecraft:player_killed_entity",
	  "conditions": {
		"entity": {
			"type": "minecraft:phantom"
		},
		"killing_blow":{
			"direct_entity": {
				"type": "minecraft:potion"
			}
		}
      }
    },
	"healing_to_death_skeleton": {
      "trigger": "minecraft:player_killed_entity",
	  "conditions": {
		"entity": {
			"type": "minecraft:skeleton"
		},
		"killing_blow":{
			"direct_entity": {
				"type": "minecraft:potion"
			}
		}
      }
    },
	"healing_to_death_skeleton_horse": {
      "trigger": "minecraft:player_killed_entity",
	  "conditions": {
		"entity": {
			"type": "minecraft:skeleton_horse"
		},
		"killing_blow":{
			"direct_entity": {
				"type": "minecraft:potion"
			}
		}
      }
    },
	"healing_to_death_stray": {
      "trigger": "minecraft:player_killed_entity",
	  "conditions": {
		"entity": {
			"type": "minecraft:stray"
		},
		"killing_blow":{
			"direct_entity": {
				"type": "minecraft:potion"
			}
		}
      }
    },
	"healing_to_death_wither": {
      "trigger": "minecraft:player_killed_entity",
	  "conditions": {
		"entity": {
			"type": "minecraft:wither"
		},
		"killing_blow":{
			"direct_entity": {
				"type": "minecraft:potion"
			}
		}
      }
    },
	"healing_to_death_wither_skeleton": {
      "trigger": "minecraft:player_killed_entity",
	  "conditions": {
		"entity": {
			"type": "minecraft:wither_skeleton"
		},
		"killing_blow":{
			"direct_entity": {
				"type": "minecraft:potion"
			}
		}
      }
    },
	"healing_to_death_zoglin": {
      "trigger": "minecraft:player_killed_entity",
	  "conditions": {
		"entity": {
			"type": "minecraft:zoglin"
		},
		"killing_blow":{
			"direct_entity": {
				"type": "minecraft:potion"
			}
		}
      }
    },
	"healing_to_death_zombie": {
      "trigger": "minecraft:player_killed_entity",
	  "conditions": {
		"entity": {
			"type": "minecraft:zombie"
		},
		"killing_blow":{
			"direct_entity": {
				"type": "minecraft:potion"
			}
		}
      }
    },
	"healing_to_death_zombie_villager": {
      "trigger": "minecraft:player_killed_entity",
	  "conditions": {
		"entity": {
			"type": "minecraft:zombie_villager"
		},
		"killing_blow":{
			"direct_entity": {
				"type": "minecraft:potion"
			}
		}
      }
    },
	"healing_to_death_zombified_piglin": {
      "trigger": "minecraft:player_killed_entity",
	  "conditions": {
		"entity": {
			"type": "minecraft:zombified_piglin"
		},
		"killing_blow":{
			"direct_entity": {
				"type": "minecraft:potion"
			}
		}
      }
    }
  },
  "requirements": [
    [
	"healing_to_death_drowned",
	"healing_to_death_husk",
	"healing_to_death_phantom",
	"healing_to_death_skeleton",
	"healing_to_death_skeleton_horse",
	"healing_to_death_stray",
	"healing_to_death_wither",
	"healing_to_death_wither_skeleton",
	"healing_to_death_zoglin",
	"healing_to_death_zombie",
	"healing_to_death_zombie_villager",
	"healing_to_death_zombified_piglin"
	]
  ]
}