{
  "parent": "paint:combat/misc/in_the_spotlight",
  "display": {
    "icon": {
      "item": "minecraft:stick",
	  "nbt": "{CustomModelData:2455}"
    },
    "title": {
      "text": "Junk Mail","color":"#FA0000"}
    ,
    "description":
      ["",{"text":"Attach four pieces of chainmail to an armor stand","color":"white"}]
    ,
    "frame": "task",
    "show_toast": true,
    "announce_to_chat": true,
    "hidden": false
  },
  "criteria": {
    "junk_mail": {
      "trigger": "minecraft:player_interacted_with_entity",
      "conditions": {
        "item": {
          "tag": "paint:chainmail_armor"
        },
        "entity": [
          {
            "condition": "minecraft:entity_properties",
            "predicate": {
              "type": "minecraft:armor_stand",
			  "nbt": "{ArmorItems:[{id:\"minecraft:chainmail_boots\"},{id:\"minecraft:chainmail_leggings\"},{id:\"minecraft:chainmail_chestplate\"},{id:\"minecraft:chainmail_helmet\"}]}"
            },
            "entity": "this"
          }
        ]
      }
    }
  },
  "requirements": [
    ["junk_mail"]
  ]
}