{
  "parent": "paint:combat/misc/overkill",
  "display": {
    "icon": {
      "item": "minecraft:stick",
	  "nbt": "{CustomModelData:2452}"
    },
    "title": {
      "text": "Stealth Kill","color":"#FA0000"}
    ,
    "description":
      ["",{"text":"Melee kill a creeper while invisible and not wearing anything","color":"white"}]
    ,
    "frame": "task",
    "show_toast": true,
    "announce_to_chat": true,
    "hidden": false
  },
  "criteria": {
   "stealth_kill": {
      "trigger": "minecraft:player_killed_entity",
      "conditions": {
		"entity": {
			"type": "minecraft:creeper"
		},
        "killing_blow": {
			"direct_entity": {
				"effects": {
					"minecraft:invisibility": {
						"amplifier": {
							"min": 0
						}
					}
				}
			}
		},
		"player": [
          {
            "condition": "minecraft:inverted",
            "term": {
              "condition": "minecraft:entity_properties",
              "predicate": {
                "equipment": {
                  "head": {
                    "tag": "paint:wearable_on_head"
                  }
                }
              },
              "entity": "this"
            }
          },
          {
            "condition": "minecraft:inverted",
            "term": {
              "condition": "minecraft:entity_properties",
              "predicate": {
                "equipment": {
                  "chest": {
                    "tag": "paint:wearable_on_chest"
                  }
                }
              },
              "entity": "this"
            }
          },
          {
            "condition": "minecraft:inverted",
            "term": {
              "condition": "minecraft:entity_properties",
              "predicate": {
                "equipment": {
                  "legs": {
                    "tag": "paint:leggings"
                  }
                }
              },
              "entity": "this"
            }
          },
          {
            "condition": "minecraft:inverted",
            "term": {
              "condition": "minecraft:entity_properties",
              "predicate": {
                "equipment": {
                  "feet": {
                    "tag": "paint:boots"
                  }
                }
              },
              "entity": "this"
            }
          }
        ]
      }
    }
  },
  "requirements": [
    ["stealth_kill"]
  ]
}