{
  "parent": "paint:combat/misc/phantasmal_night",
  "display": {
    "icon": {
      "item": "minecraft:stick",
	  "nbt": "{CustomModelData:2457}"
    },
    "title": {
      "text": "Uneasy Alliance","color":"#FA0000"}
    ,
    "description":
      ["",{"text":"Bring a ghast into the overworld and kill it there","color":"white"}]
    ,
    "frame": "task",
    "show_toast": true,
    "announce_to_chat": true,
    "hidden": false
  },
  "criteria": {
    "uneasy_alliance": {
      "trigger": "minecraft:player_killed_entity",
      "conditions": {
        "entity": {
          "type": "minecraft:ghast",
          "location": {
            "dimension": "minecraft:overworld"
          }
        }
      }
    }
  },
  "requirements": [
    ["uneasy_alliance"]
  ]
}