{
  "parent": "paint:animals/horses/brown_horse_no_pattern",
  "display": {
    "icon": {
      "item": "minecraft:stick",
	  "nbt": "{CustomModelData:1105}"
    },
    "title": {
      "text": "Black Horse, No Pattern","color":"#ffff00"}
    ,
    "description":
      ["",{"text": "Tame a black horse with no pattern","color":"white"}]
    ,
    "frame": "task",
    "show_toast": true,
    "announce_to_chat": false,
    "hidden": false
  },
  "criteria": {
    "black_horse_no_pattern": {
      "trigger": "minecraft:tame_animal",
      "conditions": {
        "entity": {
			"type": "minecraft:horse",
			"nbt": "{Variant:4}"
        }
      }
    }
  },
  "requirements": [
	["black_horse_no_pattern"]
  ]
}