{
  "parent": "paint:animals/horses/chestnut_horse_spotty",
  "display": {
    "icon": {
      "item": "minecraft:stick",
	  "nbt": "{CustomModelData:1134}"
    },
    "title": {
      "text": "Brown Horse with Spots","color":"#ffff00"}
    ,
    "description":
      ["",{"text": "Tame a brown horse with spots","color":"white"}]
    ,
    "frame": "task",
    "show_toast": true,
    "announce_to_chat": false,
    "hidden": false
  },
  "criteria": {
    "brown_horse_spotty": {
      "trigger": "minecraft:tame_animal",
      "conditions": {
        "entity": {
			"type": "minecraft:horse",
			"nbt": "{Variant:771}"
        }
      }
    }
  },
  "requirements": [
	["brown_horse_spotty"]
  ]
}