{
  "parent": "paint:animals/horses/black_horse_sooty",
  "display": {
    "icon": {
      "item": "minecraft:stick",
	  "nbt": "{CustomModelData:1146}"
    },
    "title": {
      "text": "Gray Horse with Soot","color":"#ffff00"}
    ,
    "description":
      ["",{"text": "Tame a gray horse with sooty pattern","color":"white"}]
    ,
    "frame": "task",
    "show_toast": true,
    "announce_to_chat": false,
    "hidden": false
  },
  "criteria": {
    "gray_horse_sooty": {
      "trigger": "minecraft:tame_animal",
      "conditions": {
        "entity": {
			"type": "minecraft:horse",
			"nbt": "{Variant:1029}"
        }
      }
    }
  },
  "requirements": [
	["gray_horse_sooty"]
  ]
}