{
  "parent": "paint:animals/horses/black_horse_spotty",
  "display": {
    "icon": {
      "item": "minecraft:stick",
	  "nbt": "{CustomModelData:1136}"
    },
    "title": {
      "text": "Gray Horse with Spots","color":"#ffff00"}
    ,
    "description":
      ["",{"text": "Tame a gray horse with spots","color":"white"}]
    ,
    "frame": "task",
    "show_toast": true,
    "announce_to_chat": false,
    "hidden": false
  },
  "criteria": {
    "gray_horse_spotty": {
      "trigger": "minecraft:tame_animal",
      "conditions": {
        "entity": {
			"type": "minecraft:horse",
			"nbt": "{Variant:773}"
        }
      }
    }
  },
  "requirements": [
	["gray_horse_spotty"]
  ]
}