{
  "parent": "paint:animals/horses/black_horse_blaze_and_stockings",
  "display": {
    "icon": {
      "item": "minecraft:stick",
	  "nbt": "{CustomModelData:1116}"
    },
    "title": {
      "text": "Gray Horse with Blaze","color":"#ffff00"}
    ,
    "description":
      ["",{"text": "Tame a gray horse with blaze and stockings","color":"white"}]
    ,
    "frame": "task",
    "show_toast": true,
    "announce_to_chat": false,
    "hidden": false
  },
  "criteria": {
    "gray_horse_blaze_and_stockings": {
      "trigger": "minecraft:tame_animal",
      "conditions": {
        "entity": {
			"type": "minecraft:horse",
			"nbt": "{Variant:261}"
        }
      }
    }
  },
  "requirements": [
	["gray_horse_blaze_and_stockings"]
  ]
}