{
  "parent": "paint:adventure/intrepid_adventurer",
  "display": {
    "icon": {
      "item": "minecraft:stick",
	  "nbt": "{CustomModelData:400}"
    },
    "title": {
      "text": "Taking Passage","color":"#0000ff"}
    ,
    "description":
      ["",{"text":"Complete all transport advancements. ","color":"white"},{"text":"Tasks announced in chat.","color":"dark_gray"}]
    ,
    "frame": "challenge",
    "show_toast": true,
    "announce_to_chat": false,
    "hidden": false
  },
  "criteria": {
    "skeleton_crew": {
      "trigger": "minecraft:location",
      "conditions": {
        "player": [
          {
            "condition": "minecraft:entity_properties",
            "predicate": {
              "vehicle": {
                "type": "minecraft:boat",
				"nbt": "{Passengers:[{id:\"minecraft:skeleton\"}]}"
              }
            },
            "entity": "this"
          }
        ]
      }
    },
	"voyager": {
      "trigger": "minecraft:impossible"
    },
	"frozen_freeway": {
      "trigger": "minecraft:impossible"
    },
	"oceanographer": {
      "trigger": "minecraft:impossible"
    },
	"ready_to_rail": {
      "trigger": "minecraft:impossible"
    },
	"captured": {
      "trigger": "minecraft:player_hurt_entity",
      "conditions": {
        "entity": [
          {
            "condition": "minecraft:entity_properties",
            "predicate": {
              "vehicle": {
                "type": "minecraft:minecart"
              },
			  "nbt": "{PatrolLeader:1b}"
            },
            "entity": "this"
          }
        ]
      }
    },
	"on_a_rail": {
      "trigger": "minecraft:impossible"
    },
	"tour_de_force": {
      "trigger": "minecraft:impossible"
    },
	"the_carrot_and_the_stick": {
      "trigger": "minecraft:impossible"
    },
	"when_pigs_fly": {
      "trigger": "minecraft:impossible"
    },
	"without_breaking_stride": {
      "trigger": "minecraft:impossible"
    },
	"stride_of_your_life": {
      "trigger": "minecraft:impossible"
    },
	"equine_expediation": {
      "trigger": "minecraft:impossible"
    },
	"trade_route": {
      "trigger": "minecraft:impossible"
    },
	"wingin_it": {
      "trigger": "minecraft:inventory_changed",
      "conditions": {
        "items": [
          {
            "item": "minecraft:elytra"
          }
        ]
      }
    },
	"tight_fit": {
      "trigger": "minecraft:impossible"
    },
	"long_haul_flight": {
      "trigger": "minecraft:impossible"
    },
	"i_can_show_you_the_world": {
      "trigger": "minecraft:impossible"
    }
  },
  "requirements": [
    ["skeleton_crew"],
	["voyager"],
	["frozen_freeway"],
	["oceanographer"],
	["ready_to_rail"],
	["captured"],
	["on_a_rail"],
	["tour_de_force"],
	["the_carrot_and_the_stick"],
	["when_pigs_fly"],
	["without_breaking_stride"],
	["stride_of_your_life"],
	["equine_expediation"],
	["trade_route"],
	["wingin_it"],
	["tight_fit"],
	["long_haul_flight"],
	["i_can_show_you_the_world"]
  ]
}