{
  "parent": "paint:adventure/structures/ruined_portal",
  "display": {
    "icon": {
      "item": "minecraft:stick",
	  "nbt": "{CustomModelData:214}"
    },
    "title": {
      "text": "Bastion Remnant","color":"#0000ff"}
    ,
    "description":
      ["",{"text":"Visit a bastion remnant in the nether","color":"white"}]
    ,
    "frame": "task",
    "show_toast": true,
    "announce_to_chat": true,
    "hidden": false
  },
  "criteria": {
    "bastion_remnant": {
      "trigger": "minecraft:location",
      "conditions": {
        "feature": "bastion_remnant"
      }
    }
  },
  "requirements": [
    [
      "bastion_remnant"
    ]
  ]
}