{
  "parent": "paint:adventure/structures/bastion_remnant",
  "display": {
    "icon": {
      "item": "minecraft:stick",
	  "nbt": "{CustomModelData:215}"
    },
    "title": {
      "text": "Nether Fortress","color":"#0000ff"}
    ,
    "description":
      ["",{"text":"Visit a nether fortress","color":"white"}]
    ,
    "frame": "task",
    "show_toast": true,
    "announce_to_chat": true,
    "hidden": false
  },
  "criteria": {
    "fortress": {
      "trigger": "minecraft:location",
      "conditions": {
        "feature": "fortress"
      }
    }
  },
  "requirements": [
    [
      "fortress"
    ]
  ]
}