{
  "parent": "paint:adventure/structures/desert_pyramid",
  "display": {
    "icon": {
      "item": "minecraft:stick",
	  "nbt": "{CustomModelData:205}"
    },
    "title": {
      "text": "Jungle Temple","color":"#0000ff"}
    ,
    "description":
      ["",{"text":"Visit a jungle temple","color":"white"}]
    ,
    "frame": "task",
    "show_toast": true,
    "announce_to_chat": true,
    "hidden": false
  },
  "criteria": {
    "jungle_temple": {
      "trigger": "minecraft:location",
      "conditions": {
        "feature": "jungle_pyramid"
      }
    }
  },
  "requirements": [
    [
      "jungle_temple"
    ]
  ]
}