{
  "parent": "paint:adventure/structures/wonders_of_the_world",
  "display": {
    "icon": {
      "item": "minecraft:stick",
	  "nbt": "{CustomModelData:202}"
    },
    "title": {
      "text": "Mineshaft","color":"#0000ff"}
    ,
    "description":
      ["",{"text":"Visit a mineshaft","color":"white"}]
    ,
    "frame": "task",
    "show_toast": true,
    "announce_to_chat": true,
    "hidden": false
  },
  "criteria": {
    "mineshaft": {
      "trigger": "minecraft:location",
      "conditions": {
        "feature": "mineshaft"
      }
    }
  },
  "requirements": [
    [
      "mineshaft"
    ]
  ]
}