{
  "parent": "paint:adventure/structures/shipwreck",
  "display": {
    "icon": {
      "item": "minecraft:stick",
	  "nbt": "{CustomModelData:207}"
    },
    "title": {
      "text": "Ocean Ruins","color":"#0000ff"}
    ,
    "description":
      ["",{"text":"Visit an ocean ruins","color":"white"}]
    ,
    "frame": "task",
    "show_toast": true,
    "announce_to_chat": true,
    "hidden": false
  },
  "criteria": {
    "ocean_ruins": {
      "trigger": "minecraft:location",
      "conditions": {
        "feature": "ocean_ruin"
      }
    }
  },
  "requirements": [
    [
      "ocean_ruins"
    ]
  ]
}