{
  "parent": "paint:adventure/structures/woodland_mansion",
  "display": {
    "icon": {
      "item": "minecraft:stick",
	  "nbt": "{CustomModelData:213}"
    },
    "title": {
      "text": "Ruined Portal","color":"#0000ff"}
    ,
    "description":
      ["",{"text":"Visit a ruined portal, either in the overworld or the nether","color":"white"}]
    ,
    "frame": "task",
    "show_toast": true,
    "announce_to_chat": true,
    "hidden": false
  },
  "criteria": {
    "ruined_portal": {
      "trigger": "minecraft:location",
      "conditions": {
        "feature": "ruined_portal"
      }
    }
  },
  "requirements": [
    ["ruined_portal"]
  ]
}