{
  "parent": "paint:adventure/structures/fortress",
  "display": {
    "icon": {
      "item": "minecraft:stick",
	  "nbt": "{CustomModelData:216}"
    },
    "title": {
      "text": "Stronghold","color":"#0000ff"}
    ,
    "description":
      ["",{"text":"Visit a stronghold","color":"white"}]
    ,
    "frame": "task",
    "show_toast": true,
    "announce_to_chat": true,
    "hidden": false
  },
  "criteria": {
    "stronghold": {
      "trigger": "minecraft:location",
      "conditions": {
        "feature": "stronghold"
      }
    }
  },
  "requirements": [
    [
      "stronghold"
    ]
  ]
}