{
  "parent": "paint:adventure/structures/wonders_of_the_world",
  "display": {
    "icon": {
      "item": "minecraft:stick",
	  "nbt": "{CustomModelData:210}"
    },
    "title": {
      "text": "Witch Hut","color":"#0000ff"}
    ,
    "description":
      ["",{"text":"Visit a witch hut","color":"white"}]
    ,
    "frame": "task",
    "show_toast": true,
    "announce_to_chat": true,
    "hidden": false
  },
  "criteria": {
    "witch_hut": {
      "trigger": "minecraft:location",
      "conditions": {
        "feature": "swamp_hut"
      }
    }
  },
  "requirements": [
    [
      "witch_hut"
    ]
  ]
}