{
  "parent": "paint:adventure/structures/pillager_outpost",
  "display": {
    "icon": {
      "item": "minecraft:stick",
	  "nbt": "{CustomModelData:212}"
    },
    "title": {
      "text": "Woodland Mansion","color":"#0000ff"}
    ,
    "description":
      ["",{"text":"Trade with a cartographer villager to find out where the woodland mansion is, and visit it","color":"white"}]
    ,
    "frame": "task",
    "show_toast": true,
    "announce_to_chat": true,
    "hidden": false
  },
  "criteria": {
    "woodland_mansion": {
      "trigger": "minecraft:location",
      "conditions": {
        "feature": "mansion"
      }
    }
  },
  "requirements": [
    [
      "woodland_mansion"
    ]
  ]
}