{
  "parent": "paint:animals/pandas/pandamonium",
  "display": {
    "icon": {
      "item": "minecraft:stick",
	  "nbt": "{CustomModelData:1201}"
    },
    "title": {
      "text": "Normal Panda Cub","color":"#ffff00"}
    ,
    "description":
      ["",{"text": "Breed pandas around bamboo to get a normal panda cub","color":"white"}]
    ,
    "frame": "task",
    "show_toast": true,
    "announce_to_chat": false,
    "hidden": false
  },
  "criteria": {
    "normal_main_gene": {
      "trigger": "minecraft:bred_animals",
      "conditions": {
		"child": {
			"type": "minecraft:panda",
			"nbt": "{MainGene:\"normal\"}"
			}
	  }
    },
	"weak_normal": {
      "trigger": "minecraft:bred_animals",
      "conditions": {
		"child": {
			"type": "minecraft:panda",
			"nbt": "{MainGene:\"weak\",HiddenGene:\"normal\"}"
			}
	  }
    },
	"weak_aggressive": {
      "trigger": "minecraft:bred_animals",
      "conditions": {
		"child": {
			"type": "minecraft:panda",
			"nbt": "{MainGene:\"weak\",HiddenGene:\"aggressive\"}"
			}
	  }
    },
	"weak_lazy": {
      "trigger": "minecraft:bred_animals",
      "conditions": {
		"child": {
			"type": "minecraft:panda",
			"nbt": "{MainGene:\"weak\",HiddenGene:\"lazy\"}"
			}
	  }
    },
	"weak_worried": {
      "trigger": "minecraft:bred_animals",
      "conditions": {
		"child": {
			"type": "minecraft:panda",
			"nbt": "{MainGene:\"weak\",HiddenGene:\"worried\"}"
			}
	  }
    },
	"weak_playful": {
      "trigger": "minecraft:bred_animals",
      "conditions": {
		"child": {
			"type": "minecraft:panda",
			"nbt": "{MainGene:\"weak\",HiddenGene:\"playful\"}"
			}
	  }
    },
	"weak_brown": {
      "trigger": "minecraft:bred_animals",
      "conditions": {
		"child": {
			"type": "minecraft:panda",
			"nbt": "{MainGene:\"weak\",HiddenGene:\"brown\"}"
			}
	  }
    },
	"brown_normal": {
      "trigger": "minecraft:bred_animals",
      "conditions": {
		"child": {
			"type": "minecraft:panda",
			"nbt": "{MainGene:\"brown\",HiddenGene:\"normal\"}"
			}
	  }
    },
	"brown_aggressive": {
      "trigger": "minecraft:bred_animals",
      "conditions": {
		"child": {
			"type": "minecraft:panda",
			"nbt": "{MainGene:\"brown\",HiddenGene:\"aggressive\"}"
			}
	  }
    },
	"brown_lazy": {
      "trigger": "minecraft:bred_animals",
      "conditions": {
		"child": {
			"type": "minecraft:panda",
			"nbt": "{MainGene:\"brown\",HiddenGene:\"lazy\"}"
			}
	  }
    },
	"brown_worried": {
      "trigger": "minecraft:bred_animals",
      "conditions": {
		"child": {
			"type": "minecraft:panda",
			"nbt": "{MainGene:\"brown\",HiddenGene:\"worried\"}"
			}
	  }
    },
	"brown_playful": {
      "trigger": "minecraft:bred_animals",
      "conditions": {
		"child": {
			"type": "minecraft:panda",
			"nbt": "{MainGene:\"brown\",HiddenGene:\"playful\"}"
			}
	  }
    },
	"brown_weak": {
      "trigger": "minecraft:bred_animals",
      "conditions": {
		"child": {
			"type": "minecraft:panda",
			"nbt": "{MainGene:\"brown\",HiddenGene:\"weak\"}"
			}
	  }
    }
  },
  "requirements": [
    [
      "normal_main_gene",
	  "weak_normal",
	  "weak_aggressive",
	  "weak_lazy",
	  "weak_worried",
	  "weak_playful",
	  "weak_brown",
	  "brown_normal",
	  "brown_aggressive",
	  "brown_lazy",
	  "brown_worried",
	  "brown_playful",
	  "brown_weak"
    ]
  ]
}