{
  "parent": "paint:animals/animal_lover",
  "display": {
    "icon": {
      "item": "minecraft:stick",
	  "nbt": "{CustomModelData:1200}"
    },
    "title": {
      "text": "Pandamonium","color":"#ffff00"}
    ,
    "description":
      ["",{"text": "Breed pandas around bamboo to get all the variants of panda","color":"white"}]
    ,
    "frame": "challenge",
    "show_toast": true,
    "announce_to_chat": true,
    "hidden": false
  },
  "criteria": {
    "normal_main_gene": {
      "trigger": "minecraft:bred_animals",
      "conditions": {
		"child": {
			"type": "minecraft:panda",
			"nbt": "{MainGene:\"normal\"}"
			}
	  }
    },
	"weak_normal": {
      "trigger": "minecraft:bred_animals",
      "conditions": {
		"child": {
			"type": "minecraft:panda",
			"nbt": "{MainGene:\"weak\",HiddenGene:\"normal\"}"
			}
	  }
    },
	"weak_aggressive": {
      "trigger": "minecraft:bred_animals",
      "conditions": {
		"child": {
			"type": "minecraft:panda",
			"nbt": "{MainGene:\"weak\",HiddenGene:\"aggressive\"}"
			}
	  }
    },
	"weak_lazy": {
      "trigger": "minecraft:bred_animals",
      "conditions": {
		"child": {
			"type": "minecraft:panda",
			"nbt": "{MainGene:\"weak\",HiddenGene:\"lazy\"}"
			}
	  }
    },
	"weak_worried": {
      "trigger": "minecraft:bred_animals",
      "conditions": {
		"child": {
			"type": "minecraft:panda",
			"nbt": "{MainGene:\"weak\",HiddenGene:\"worried\"}"
			}
	  }
	},
	"weak_playful": {
      "trigger": "minecraft:bred_animals",
      "conditions": {
		"child": {
			"type": "minecraft:panda",
			"nbt": "{MainGene:\"weak\",HiddenGene:\"playful\"}"
			}
	  }
    },
	"weak_brown": {
      "trigger": "minecraft:bred_animals",
      "conditions": {
		"child": {
			"type": "minecraft:panda",
			"nbt": "{MainGene:\"weak\",HiddenGene:\"brown\"}"
			}
	  }
    },
	"brown_normal": {
      "trigger": "minecraft:bred_animals",
      "conditions": {
		"child": {
			"type": "minecraft:panda",
			"nbt": "{MainGene:\"brown\",HiddenGene:\"normal\"}"
			}
	  }
    },
	"brown_aggressive": {
      "trigger": "minecraft:bred_animals",
      "conditions": {
		"child": {
			"type": "minecraft:panda",
			"nbt": "{MainGene:\"brown\",HiddenGene:\"aggressive\"}"
			}
	  }
    },
	"brown_lazy": {
      "trigger": "minecraft:bred_animals",
      "conditions": {
		"child": {
			"type": "minecraft:panda",
			"nbt": "{MainGene:\"brown\",HiddenGene:\"lazy\"}"
			}
	  }
    },
	"brown_worried": {
      "trigger": "minecraft:bred_animals",
      "conditions": {
		"child": {
			"type": "minecraft:panda",
			"nbt": "{MainGene:\"brown\",HiddenGene:\"worried\"}"
			}
	  }
    },
	"brown_playful": {
      "trigger": "minecraft:bred_animals",
      "conditions": {
		"child": {
			"type": "minecraft:panda",
			"nbt": "{MainGene:\"brown\",HiddenGene:\"playful\"}"
			}
	  }
    },
	"brown_weak": {
      "trigger": "minecraft:bred_animals",
      "conditions": {
		"child": {
			"type": "minecraft:panda",
			"nbt": "{MainGene:\"brown\",HiddenGene:\"weak\"}"
			}
	  }
    },
	"aggressive_main_gene": {
      "trigger": "minecraft:bred_animals",
      "conditions": {
		"child": {
			"type": "minecraft:panda",
			"nbt": "{MainGene:\"aggressive\"}"
			}
		}
	},
	"lazy_main_gene": {
      "trigger": "minecraft:bred_animals",
      "conditions": {
		"child": {
			"type": "minecraft:panda",
			"nbt": "{MainGene:\"lazy\"}"
			}
		}
	},
	"worried_main_gene": {
      "trigger": "minecraft:bred_animals",
      "conditions": {
		"child": {
			"type": "minecraft:panda",
			"nbt": "{MainGene:\"worried\"}"
			}
		}
	},
	 "playful_main_gene": {
      "trigger": "minecraft:bred_animals",
      "conditions": {
		"child": {
			"type": "minecraft:panda",
			"nbt": "{MainGene:\"playful\"}"
			}
		}
	},
	"weak_weak": {
      "trigger": "minecraft:bred_animals",
      "conditions": {
		"child": {
			"type": "minecraft:panda",
			"nbt": "{MainGene:\"weak\",HiddenGene:\"weak\"}"
			}
		}
	},
	"brown_brown": {
      "trigger": "minecraft:bred_animals",
      "conditions": {
		"child": {
			"type": "minecraft:panda",
			"nbt": "{MainGene:\"brown\",HiddenGene:\"brown\"}"
			}
		}
	}
  },
  "requirements": [
    [
      "normal_main_gene",
	  "weak_normal",
	  "weak_aggressive",
	  "weak_lazy",
	  "weak_worried",
	  "weak_playful",
	  "weak_brown",
	  "brown_normal",
	  "brown_aggressive",
	  "brown_lazy",
	  "brown_worried",
	  "brown_playful",
	  "brown_weak"
    ],
	["aggressive_main_gene"],
	["lazy_main_gene"],
	["worried_main_gene"],
	["playful_main_gene"],
	["weak_weak"],
	["brown_brown"]
  ]
}