{
  "parent": "paint:animals/pandas/playful_panda",
  "display": {
    "icon": {
      "item": "minecraft:stick",
	  "nbt": "{CustomModelData:1206}"
    },
    "title": {
      "text": "Weak Panda Cub","color":"#ffff00"}
    ,
    "description":
      ["",{"text": "Breed pandas around bamboo to get a weak panda cub","color":"white"}]
    ,
    "frame": "task",
    "show_toast": true,
    "announce_to_chat": false,
    "hidden": false
  },
  "criteria": {
    "weak_weak": {
      "trigger": "minecraft:bred_animals",
      "conditions": {
		"child": {
			"type": "minecraft:panda",
			"nbt": "{MainGene:\"weak\",HiddenGene:\"weak\"}"
			}
		}
	}
  },
  "requirements": [
    [
      "weak_weak"
    ]
  ]
}