{
  "parent": "paint:animals/pandas/lazy_panda",
  "display": {
    "icon": {
      "item": "minecraft:stick",
	  "nbt": "{CustomModelData:1204}"
    },
    "title": {
      "text": "Worried Panda Cub","color":"#ffff00"}
    ,
    "description":
      ["",{"text": "Breed pandas around bamboo to get a worried panda cub","color":"white"}]
    ,
    "frame": "task",
    "show_toast": true,
    "announce_to_chat": false,
    "hidden": false
  },
  "criteria": {
    "worried_main_gene": {
      "trigger": "minecraft:bred_animals",
      "conditions": {
		"child": {
			"type": "minecraft:panda",
			"nbt": "{MainGene:\"worried\"}"
			}
		}
	}
  },
  "requirements": [
    [
      "worried_main_gene"
    ]
  ]
}