{
  "parent": "paint:animals/taming/cats/black_cat",
  "display": {
    "icon": {
      "item": "minecraft:stick",
	  "nbt": "{CustomModelData:1503}"
    },
    "title": {
      "text": "British Shorthair","color":"#ffff00"}
    ,
    "description":
      ["",{"text": "Tame a silver cat with yellow eyes","color":"white"}]
    ,
    "frame": "task",
    "show_toast": true,
    "announce_to_chat": true,
    "hidden": false
  },
  "criteria": {
    "british_shorthair": {
      "trigger": "minecraft:tame_animal",
      "conditions": {
        "entity": {
			"type": "minecraft:cat",
			"nbt": "{CatType:4}"
        }
      }
    }
  },
  "requirements": [
    [
      "british_shorthair"
    ]
  ]
}