{
  "parent": "paint:animals/taming/cats/british_shorthair",
  "display": {
    "icon": {
      "item": "minecraft:stick",
	  "nbt": "{CustomModelData:1504}"
    },
    "title": {
      "text": "Calico","color":"#ffff00"}
    ,
    "description":
      ["",{"text": "Tame a black, orange and white cat with two different eye colors","color":"white"}]
    ,
    "frame": "task",
    "show_toast": true,
    "announce_to_chat": true,
    "hidden": false
  },
  "criteria": {
    "calico": {
      "trigger": "minecraft:tame_animal",
      "conditions": {
        "entity": {
			"type": "minecraft:cat",
			"nbt": "{CatType:5}"
        }
      }
    }
  },
  "requirements": [
    [
      "calico"
    ]
  ]
}