{
  "parent": "paint:animals/taming/animal_tamer",
  "display": {
    "icon": {
      "item": "minecraft:stick",
	  "nbt": "{CustomModelData:1501}"
    },
    "title": {
      "text": "Complete Catalogue","color":"#ffff00"}
    ,
    "description":
      ["",{"text": "Tame all 11 cat variants","color":"white"}]
    ,
    "frame": "goal",
    "show_toast": true,
    "announce_to_chat": true,
    "hidden": false
  },
  "criteria": {
    "black_cat": {
      "trigger": "minecraft:tame_animal",
      "conditions": {
        "entity": {
			"type": "minecraft:cat",
			"nbt": "{CatType:10}"
        }
      }
    },
	"british_shorthair": {
      "trigger": "minecraft:tame_animal",
      "conditions": {
        "entity": {
			"type": "minecraft:cat",
			"nbt": "{CatType:4}"
        }
      }
    },
	"calico": {
      "trigger": "minecraft:tame_animal",
      "conditions": {
        "entity": {
			"type": "minecraft:cat",
			"nbt": "{CatType:5}"
        }
      }
    },
	"jellie": {
      "trigger": "minecraft:tame_animal",
      "conditions": {
        "entity": {
			"type": "minecraft:cat",
			"nbt": "{CatType:9}"
        }
      }
    },
	"persian": {
      "trigger": "minecraft:tame_animal",
      "conditions": {
        "entity": {
			"type": "minecraft:cat",
			"nbt": "{CatType:6}"
        }
      }
    },
	"ragdoll": {
      "trigger": "minecraft:tame_animal",
      "conditions": {
        "entity": {
			"type": "minecraft:cat",
			"nbt": "{CatType:7}"
        }
      }
    },
	"red_cat": {
      "trigger": "minecraft:tame_animal",
      "conditions": {
        "entity": {
			"type": "minecraft:cat",
			"nbt": "{CatType:2}"
        }
      }
    },
	"siamese": {
      "trigger": "minecraft:tame_animal",
      "conditions": {
        "entity": {
			"type": "minecraft:cat",
			"nbt": "{CatType:3}"
        }
      }
    },
	"tabby": {
      "trigger": "minecraft:tame_animal",
      "conditions": {
        "entity": {
			"type": "minecraft:cat",
			"nbt": "{CatType:0}"
        }
      }
    },
	"tuxedo_cat": {
      "trigger": "minecraft:tame_animal",
      "conditions": {
        "entity": {
			"type": "minecraft:cat",
			"nbt": "{CatType:1}"
        }
      }
    },
	"white_cat": {
      "trigger": "minecraft:tame_animal",
      "conditions": {
        "entity": {
			"type": "minecraft:cat",
			"nbt": "{CatType:8}"
        }
      }
    }
  },
  "requirements": [
	["black_cat"],
	["british_shorthair"],
	["calico"],
	["jellie"],
	["persian"],
	["ragdoll"],
	["red_cat"],
	["siamese"],
	["tabby"],
	["tuxedo_cat"],
	["white_cat"]
  ]
}