{
  "parent": "paint:animals/taming/cats/jellie",
  "display": {
    "icon": {
      "item": "minecraft:stick",
	  "nbt": "{CustomModelData:1506}"
    },
    "title": {
      "text": "Persian","color":"#ffff00"}
    ,
    "description":
      ["",{"text": "Tame a sand-colored cat with blue eyes","color":"white"}]
    ,
    "frame": "task",
    "show_toast": true,
    "announce_to_chat": true,
    "hidden": false
  },
  "criteria": {
    "persian": {
      "trigger": "minecraft:tame_animal",
      "conditions": {
        "entity": {
			"type": "minecraft:cat",
			"nbt": "{CatType:6}"
        }
      }
    }
  },
  "requirements": [
    [
      "persian"
    ]
  ]
}