{
  "parent": "paint:animals/taming/cats/ragdoll",
  "display": {
    "icon": {
      "item": "minecraft:stick",
	  "nbt": "{CustomModelData:1508}"
    },
    "title": {
      "text": "Red Cat","color":"#ffff00"}
    ,
    "description":
      ["",{"text": "Tame a ginger cat with green eyes","color":"white"}]
    ,
    "frame": "task",
    "show_toast": true,
    "announce_to_chat": true,
    "hidden": false
  },
  "criteria": {
    "red_cat": {
      "trigger": "minecraft:tame_animal",
      "conditions": {
        "entity": {
			"type": "minecraft:cat",
			"nbt": "{CatType:2}"
        }
      }
    }
  },
  "requirements": [
    [
      "red_cat"
    ]
  ]
}