{
  "parent": "paint:animals/taming/cats/tabby",
  "display": {
    "icon": {
      "item": "minecraft:stick",
	  "nbt": "{CustomModelData:1511}"
    },
    "title": {
      "text": "Tuxedo Cat","color":"#ffff00"}
    ,
    "description":
      ["",{"text": "Tame a tuxedo cat with green eyes","color":"white"}]
    ,
    "frame": "task",
    "show_toast": true,
    "announce_to_chat": true,
    "hidden": false
  },
  "criteria": {
    "tuxedo_cat": {
      "trigger": "minecraft:tame_animal",
      "conditions": {
        "entity": {
			"type": "minecraft:cat",
			"nbt": "{CatType:1}"
        }
      }
    }
  },
  "requirements": [
    [
      "tuxedo_cat"
    ]
  ]
}