{
  "parent": "paint:combat/monsters/blaze",
  "display": {
    "icon": {
      "item": "minecraft:stick",
	  "nbt": "{CustomModelData:2152}"
    },
    "title": {
      "text": "Cave Spider","color":"#FA0000"}
    ,
    "description":
      ["",{"text":"Slay a Cave Spider","color":"white"}]
    ,
    "frame": "task",
    "show_toast": true,
    "announce_to_chat": false,
    "hidden": false
  },
  "criteria": {
    "monster_slayer_cave_spider": {
      "trigger": "minecraft:player_killed_entity",
	  "conditions": {
        "entity": {
          "type": "cave_spider"
		}
      }
    }
  },
  "requirements": [
    ["monster_slayer_cave_spider"]
  ]
}