{
  "parent": "paint:combat/monsters/cave_spider",
  "display": {
    "icon": {
      "item": "minecraft:stick",
	  "nbt": "{CustomModelData:2153}"
    },
    "title": {
      "text": "Creeper","color":"#FA0000"}
    ,
    "description":
      ["",{"text":"Slay a creeper","color":"white"}]
    ,
    "frame": "task",
    "show_toast": true,
    "announce_to_chat": false,
    "hidden": false
  },
  "criteria": {
    "monster_slayer_creeper": {
      "trigger": "minecraft:player_killed_entity",
	  "conditions": {
        "entity": {
          "type": "creeper"
		}
      }
    }
  },
  "requirements": [
    ["monster_slayer_creeper"]
  ]
}