{
  "parent": "paint:combat/monsters/monster_slayer",
  "display": {
    "icon": {
      "item": "minecraft:stick",
	  "nbt": "{CustomModelData:2161}"
    },
    "title": {
      "text": "Endermite","color":"#FA0000"}
    ,
    "description":
      ["",{"text":"Slay an endermite","color":"white"}]
    ,
    "frame": "task",
    "show_toast": true,
    "announce_to_chat": false,
    "hidden": false
  },
  "criteria": {
    "monster_slayer_endermite": {
      "trigger": "minecraft:player_killed_entity",
	  "conditions": {
        "entity": {
          "type": "endermite"
		}
      }
    }
  },
  "requirements": [
    ["monster_slayer_endermite"]
  ]
}