{
  "parent": "paint:combat/monsters/elder_guardian",
  "display": {
    "icon": {
      "item": "minecraft:stick",
	  "nbt": "{CustomModelData:2156}"
    },
    "title": {
      "text": "Enderman","color":"#FA0000"}
    ,
    "description":
      ["",{"text":"Slay an enderman","color":"white"}]
    ,
    "frame": "task",
    "show_toast": true,
    "announce_to_chat": false,
    "hidden": false
  },
  "criteria": {
    "monster_slayer_enderman": {
      "trigger": "minecraft:player_killed_entity",
	  "conditions": {
        "entity": {
          "type": "enderman"
		}
      }
    }
  },
  "requirements": [
    ["monster_slayer_enderman"]
  ]
}