{
  "parent": "paint:combat/monsters/guardian",
  "display": {
    "icon": {
      "item": "minecraft:stick",
	  "nbt": "{CustomModelData:2165}"
    },
    "title": {
      "text": "Hoglin","color":"#FA0000"}
    ,
    "description":
      ["",{"text":"Slay a hoglin","color":"white"}]
    ,
    "frame": "task",
    "show_toast": true,
    "announce_to_chat": false,
    "hidden": false
  },
  "criteria": {
    "monster_slayer_hoglin": {
      "trigger": "minecraft:player_killed_entity",
	  "conditions": {
        "entity": {
          "type": "hoglin"
		}
      }
    }
  },
  "requirements": [
    ["monster_slayer_hoglin"]
  ]
}