{
  "parent": "paint:combat/monsters/hoglin",
  "display": {
    "icon": {
      "item": "minecraft:stick",
	  "nbt": "{CustomModelData:2166}"
    },
    "title": {
      "text": "Husk","color":"#FA0000"}
    ,
    "description":
      ["",{"text":"Slay a husk","color":"white"}]
    ,
    "frame": "task",
    "show_toast": true,
    "announce_to_chat": false,
    "hidden": false
  },
  "criteria": {
    "monster_slayer_husk": {
      "trigger": "minecraft:player_killed_entity",
	  "conditions": {
        "entity": {
          "type": "husk"
		}
      }
    }
  },
  "requirements": [
    ["monster_slayer_husk"]
  ]
}