{
  "parent": "paint:combat/monsters/monster_slayer",
  "display": {
    "icon": {
      "item": "minecraft:stick",
	  "nbt": "{CustomModelData:2170}"
    },
    "title": {
      "text": "Magma Cube","color":"#FA0000"}
    ,
    "description":
      ["",{"text":"Slay a magma cube","color":"white"}]
    ,
    "frame": "task",
    "show_toast": true,
    "announce_to_chat": false,
    "hidden": false
  },
  "criteria": {
    "monster_slayer_magma_cube": {
      "trigger": "minecraft:player_killed_entity",
	  "conditions": {
        "entity": {
          "type": "magma_cube",
		  "nbt": "{Size:0}"
		}
      }
    }
  },
  "requirements": [
    ["monster_slayer_magma_cube"]
  ]
}