{
  "parent": "paint:combat/monsters/piglin",
  "display": {
    "icon": {
      "item": "minecraft:stick",
	  "nbt": "{CustomModelData:2173}"
    },
    "title": {
      "text": "Piglin Brute","color":"#FA0000"}
    ,
    "description":
      ["",{"text":"Slay a piglin brute","color":"white"}]
    ,
    "frame": "task",
    "show_toast": true,
    "announce_to_chat": false,
    "hidden": false
  },
  "criteria": {
    "monster_slayer_piglin_brute": {
      "trigger": "minecraft:player_killed_entity",
	  "conditions": {
        "entity": {
          "type": "piglin_brute"
		}
      }
    }
  },
  "requirements": [
    ["monster_slayer_piglin_brute"]
  ]
}