{
  "parent": "paint:combat/monsters/ravager",
  "display": {
    "icon": {
      "item": "minecraft:stick",
	  "nbt": "{CustomModelData:2176}"
    },
    "title": {
      "text": "Shulker","color":"#FA0000"}
    ,
    "description":
      ["",{"text":"Slay a shulker","color":"white"}]
    ,
    "frame": "task",
    "show_toast": true,
    "announce_to_chat": false,
    "hidden": false
  },
  "criteria": {
    "monster_slayer_shulker": {
      "trigger": "minecraft:player_killed_entity",
	  "conditions": {
        "entity": {
          "type": "shulker"
		}
      }
    }
  },
  "requirements": [
    ["monster_slayer_shulker"]
  ]
}