{
  "parent": "paint:combat/monsters/skeleton",
  "display": {
    "icon": {
      "item": "minecraft:stick",
	  "nbt": "{CustomModelData:2182}"
    },
    "title": {
      "text": "Slime","color":"#FA0000"}
    ,
    "description":
      ["",{"text":"Slay a slime","color":"white"}]
    ,
    "frame": "task",
    "show_toast": true,
    "announce_to_chat": false,
    "hidden": false
  },
  "criteria": {
    "monster_slayer_slime": {
      "trigger": "minecraft:player_killed_entity",
	  "conditions": {
        "entity": {
          "type": "slime",
		  "nbt": "{Size:0}"
		}
      }
    }
  },
  "requirements": [
    ["monster_slayer_slime"]
  ]
}