{
  "parent": "paint:animals/root",
  "display": {
    "icon": {
      "item": "minecraft:stick",
	  "nbt": "{CustomModelData:1001}"
    },
    "title":
      {"text":"Animal Lover","color":"#96961e","bold":"true"}
    ,
    "description":
      ["",{"text":"Complete all animal advancements","color":"#ffff00","bold":"false"}]
    ,
    "frame": "challenge",
    "show_toast": true,
    "announce_to_chat": true,
    "hidden": false
  },
  "criteria": {
    "black_cat": {
      "trigger": "minecraft:tame_animal",
      "conditions": {
        "entity": {
			"type": "minecraft:cat",
			"nbt": "{CatType:10}"
        }
      }
    },
	"british_shorthair": {
      "trigger": "minecraft:tame_animal",
      "conditions": {
        "entity": {
			"type": "minecraft:cat",
			"nbt": "{CatType:4}"
        }
      }
    },
	"calico": {
      "trigger": "minecraft:tame_animal",
      "conditions": {
        "entity": {
			"type": "minecraft:cat",
			"nbt": "{CatType:5}"
        }
      }
    },
	"jellie": {
      "trigger": "minecraft:tame_animal",
      "conditions": {
        "entity": {
			"type": "minecraft:cat",
			"nbt": "{CatType:9}"
        }
      }
    },
	"persian": {
      "trigger": "minecraft:tame_animal",
      "conditions": {
        "entity": {
			"type": "minecraft:cat",
			"nbt": "{CatType:6}"
        }
      }
    },
	"ragdoll": {
      "trigger": "minecraft:tame_animal",
      "conditions": {
        "entity": {
			"type": "minecraft:cat",
			"nbt": "{CatType:7}"
        }
      }
    },
	"red_cat": {
      "trigger": "minecraft:tame_animal",
      "conditions": {
        "entity": {
			"type": "minecraft:cat",
			"nbt": "{CatType:2}"
        }
      }
    },
	"siamese": {
      "trigger": "minecraft:tame_animal",
      "conditions": {
        "entity": {
			"type": "minecraft:cat",
			"nbt": "{CatType:3}"
        }
      }
    },
	"tabby": {
      "trigger": "minecraft:tame_animal",
      "conditions": {
        "entity": {
			"type": "minecraft:cat",
			"nbt": "{CatType:0}"
        }
      }
    },
	"tuxedo_cat": {
      "trigger": "minecraft:tame_animal",
      "conditions": {
        "entity": {
			"type": "minecraft:cat",
			"nbt": "{CatType:1}"
        }
      }
    },
	"white_cat": {
      "trigger": "minecraft:tame_animal",
      "conditions": {
        "entity": {
			"type": "minecraft:cat",
			"nbt": "{CatType:8}"
        }
      }
    },
    "creamy_llama": {
      "trigger": "minecraft:tame_animal",
      "conditions": {
        "entity": {
			"type": "minecraft:llama",
			"nbt": "{Variant:0}"
        }
      }
    },
	"white_llama": {
      "trigger": "minecraft:tame_animal",
      "conditions": {
        "entity": {
			"type": "minecraft:llama",
			"nbt": "{Variant:1}"
        }
      }
    },
	"brown_llama": {
      "trigger": "minecraft:tame_animal",
      "conditions": {
        "entity": {
			"type": "minecraft:llama",
			"nbt": "{Variant:2}"
        }
      }
    },
	"gray_llama": {
      "trigger": "minecraft:tame_animal",
      "conditions": {
        "entity": {
			"type": "minecraft:llama",
			"nbt": "{Variant:3}"
        }
      }
    },
	"green_parrot": {
      "trigger": "minecraft:tame_animal",
      "conditions": {
        "entity": {
          "type": "minecraft:parrot",
          "nbt": "{Variant:2}"
        }
      }
	},
	 "light_blue_parrot": {
      "trigger": "minecraft:tame_animal",
      "conditions": {
        "entity": {
          "type": "minecraft:parrot",
          "nbt": "{Variant:3}"
        }
      }
	},
	"light_gray_parrot": {
      "trigger": "minecraft:tame_animal",
      "conditions": {
        "entity": {
          "type": "minecraft:parrot",
          "nbt": "{Variant:4}"
        }
      }
	},
	"blue_parrot": {
      "trigger": "minecraft:tame_animal",
      "conditions": {
        "entity": {
          "type": "minecraft:parrot",
          "nbt": "{Variant:1}"
        }
      }
	},
	"red_parrot": {
      "trigger": "minecraft:tame_animal",
      "conditions": {
        "entity": {
          "type": "minecraft:parrot",
          "nbt": "{Variant:0}"
        }
      }
	},
	"wolf": {
      "trigger": "minecraft:tame_animal",
      "conditions": {
        "entity": {
			"type": "minecraft:wolf"
        }
      }
    },
	"donkey": {
      "trigger": "minecraft:tame_animal",
      "conditions": {
        "entity": {
			"type": "minecraft:donkey"
        }
      }
    },
	"half-assed": {
      "trigger": "minecraft:tame_animal",
      "conditions": {
        "entity": {
			"type": "minecraft:mule"
        }
      }
    },
	"normal_main_gene": {
      "trigger": "minecraft:bred_animals",
      "conditions": {
		"child": {
			"type": "minecraft:panda",
			"nbt": "{MainGene:\"normal\"}"
			}
	  }
    },
	"weak_normal": {
      "trigger": "minecraft:bred_animals",
      "conditions": {
		"child": {
			"type": "minecraft:panda",
			"nbt": "{MainGene:\"weak\",HiddenGene:\"normal\"}"
			}
	  }
    },
	"weak_aggressive": {
      "trigger": "minecraft:bred_animals",
      "conditions": {
		"child": {
			"type": "minecraft:panda",
			"nbt": "{MainGene:\"weak\",HiddenGene:\"aggressive\"}"
			}
	  }
    },
	"weak_lazy": {
      "trigger": "minecraft:bred_animals",
      "conditions": {
		"child": {
			"type": "minecraft:panda",
			"nbt": "{MainGene:\"weak\",HiddenGene:\"lazy\"}"
			}
	  }
    },
	"weak_worried": {
      "trigger": "minecraft:bred_animals",
      "conditions": {
		"child": {
			"type": "minecraft:panda",
			"nbt": "{MainGene:\"weak\",HiddenGene:\"worried\"}"
			}
	  }
	},
	"weak_playful": {
      "trigger": "minecraft:bred_animals",
      "conditions": {
		"child": {
			"type": "minecraft:panda",
			"nbt": "{MainGene:\"weak\",HiddenGene:\"playful\"}"
			}
	  }
    },
	"weak_brown": {
      "trigger": "minecraft:bred_animals",
      "conditions": {
		"child": {
			"type": "minecraft:panda",
			"nbt": "{MainGene:\"weak\",HiddenGene:\"brown\"}"
			}
	  }
    },
	"brown_normal": {
      "trigger": "minecraft:bred_animals",
      "conditions": {
		"child": {
			"type": "minecraft:panda",
			"nbt": "{MainGene:\"brown\",HiddenGene:\"normal\"}"
			}
	  }
    },
	"brown_aggressive": {
      "trigger": "minecraft:bred_animals",
      "conditions": {
		"child": {
			"type": "minecraft:panda",
			"nbt": "{MainGene:\"brown\",HiddenGene:\"aggressive\"}"
			}
	  }
    },
	"brown_lazy": {
      "trigger": "minecraft:bred_animals",
      "conditions": {
		"child": {
			"type": "minecraft:panda",
			"nbt": "{MainGene:\"brown\",HiddenGene:\"lazy\"}"
			}
	  }
    },
	"brown_worried": {
      "trigger": "minecraft:bred_animals",
      "conditions": {
		"child": {
			"type": "minecraft:panda",
			"nbt": "{MainGene:\"brown\",HiddenGene:\"worried\"}"
			}
	  }
    },
	"brown_playful": {
      "trigger": "minecraft:bred_animals",
      "conditions": {
		"child": {
			"type": "minecraft:panda",
			"nbt": "{MainGene:\"brown\",HiddenGene:\"playful\"}"
			}
	  }
    },
	"brown_weak": {
      "trigger": "minecraft:bred_animals",
      "conditions": {
		"child": {
			"type": "minecraft:panda",
			"nbt": "{MainGene:\"brown\",HiddenGene:\"weak\"}"
			}
	  }
    },
	"aggressive_main_gene": {
      "trigger": "minecraft:bred_animals",
      "conditions": {
		"child": {
			"type": "minecraft:panda",
			"nbt": "{MainGene:\"aggressive\"}"
			}
		}
	},
	"lazy_main_gene": {
      "trigger": "minecraft:bred_animals",
      "conditions": {
		"child": {
			"type": "minecraft:panda",
			"nbt": "{MainGene:\"lazy\"}"
			}
		}
	},
	"worried_main_gene": {
      "trigger": "minecraft:bred_animals",
      "conditions": {
		"child": {
			"type": "minecraft:panda",
			"nbt": "{MainGene:\"worried\"}"
			}
		}
	},
	 "playful_main_gene": {
      "trigger": "minecraft:bred_animals",
      "conditions": {
		"child": {
			"type": "minecraft:panda",
			"nbt": "{MainGene:\"playful\"}"
			}
		}
	},
	"weak_weak": {
      "trigger": "minecraft:bred_animals",
      "conditions": {
		"child": {
			"type": "minecraft:panda",
			"nbt": "{MainGene:\"weak\",HiddenGene:\"weak\"}"
			}
		}
	},
	"brown_brown": {
      "trigger": "minecraft:bred_animals",
      "conditions": {
		"child": {
			"type": "minecraft:panda",
			"nbt": "{MainGene:\"brown\",HiddenGene:\"brown\"}"
			}
		}
	},
	"anemone": {
      "trigger": "minecraft:filled_bucket",
      "conditions": {
        "item": {
          "item": "minecraft:tropical_fish_bucket",
		  "nbt": "{BucketVariantTag:117506305}"
        }
      }
    },
	"black_tang": {
      "trigger": "minecraft:filled_bucket",
      "conditions": {
        "item": {
          "item": "minecraft:tropical_fish_bucket",
		  "nbt": "{BucketVariantTag:117899265}"
        }
      }
    },
	"blue_tang": {
      "trigger": "minecraft:filled_bucket",
      "conditions": {
        "item": {
          "item": "minecraft:tropical_fish_bucket",
		  "nbt": "{BucketVariantTag:185008129}"
        }
      }
    },
	"butterflyfish": {
      "trigger": "minecraft:filled_bucket",
      "conditions": {
        "item": {
          "item": "minecraft:tropical_fish_bucket",
		  "nbt": "{BucketVariantTag:117441793}"
        }
      }
    },
	"cichlid": {
      "trigger": "minecraft:filled_bucket",
      "conditions": {
        "item": {
          "item": "minecraft:tropical_fish_bucket",
		  "nbt": "{BucketVariantTag:118161664}"
        }
      }
    },
	 "clownfish": {
      "trigger": "minecraft:filled_bucket",
      "conditions": {
        "item": {
          "item": "minecraft:tropical_fish_bucket",
		  "nbt": "{BucketVariantTag:65536}"
        }
      }
    },
	"cod": {
      "trigger": "minecraft:filled_bucket",
      "conditions": {
        "item": {
          "item": "minecraft:cod_bucket"
        }
      }
    },
	 "cotton_candy_betta": {
      "trigger": "minecraft:filled_bucket",
      "conditions": {
        "item": {
          "item": "minecraft:tropical_fish_bucket",
		  "nbt": "{BucketVariantTag:50726144}"
        }
      }
    },
	"dottyback": {
      "trigger": "minecraft:filled_bucket",
      "conditions": {
        "item": {
          "item": "minecraft:tropical_fish_bucket",
		  "nbt": "{BucketVariantTag:67764993}"
        }
      }
    },
	"emperor_red_snapper": {
      "trigger": "minecraft:filled_bucket",
      "conditions": {
        "item": {
          "item": "minecraft:tropical_fish_bucket",
		  "nbt": "{BucketVariantTag:234882305}"
        }
      }
    },
	"goatfish": {
      "trigger": "minecraft:filled_bucket",
      "conditions": {
        "item": {
          "item": "minecraft:tropical_fish_bucket",
		  "nbt": "{BucketVariantTag:67110144}"
        }
      }
    },
	"moorish_idol": {
      "trigger": "minecraft:filled_bucket",
      "conditions": {
        "item": {
          "item": "minecraft:tropical_fish_bucket",
		  "nbt": "{BucketVariantTag:117441025}"
        }
      }
    },
	"ornate_butterflyfish": {
      "trigger": "minecraft:filled_bucket",
      "conditions": {
        "item": {
          "item": "minecraft:tropical_fish_bucket",
		  "nbt": "{BucketVariantTag:16778497}"
        }
      }
    },
	"parrotfish": {
      "trigger": "minecraft:filled_bucket",
      "conditions": {
        "item": {
          "item": "minecraft:tropical_fish_bucket",
		  "nbt": "{BucketVariantTag:101253888}"
        }
      }
    },
	"pufferfish": {
      "trigger": "minecraft:filled_bucket",
      "conditions": {
        "item": {
          "item": "minecraft:pufferfish_bucket"
        }
      }
    },
	"queen_angelfish": {
      "trigger": "minecraft:filled_bucket",
      "conditions": {
        "item": {
          "item": "minecraft:tropical_fish_bucket",
		  "nbt": "{BucketVariantTag:50660352}"
        }
      }
    },
	 "red_cichlid": {
      "trigger": "minecraft:filled_bucket",
      "conditions": {
        "item": {
          "item": "minecraft:tropical_fish_bucket",
		  "nbt": "{BucketVariantTag:918529}"
        }
      }
    },
	"red_lipped_blenny": {
      "trigger": "minecraft:filled_bucket",
      "conditions": {
        "item": {
          "item": "minecraft:tropical_fish_bucket",
		  "nbt": "{BucketVariantTag:235340288}"
        }
      }
    },
	"red_snapper": {
      "trigger": "minecraft:filled_bucket",
      "conditions": {
        "item": {
          "item": "minecraft:tropical_fish_bucket",
		  "nbt": "{BucketVariantTag:918273}"
        }
      }
    },
	"salmon": {
      "trigger": "minecraft:filled_bucket",
      "conditions": {
        "item": {
          "item": "minecraft:salmon_bucket"
        }
      }
    },
	"threadfin": {
      "trigger": "minecraft:filled_bucket",
      "conditions": {
        "item": {
          "item": "minecraft:tropical_fish_bucket",
		  "nbt": "{BucketVariantTag:67108865}"
        }
      }
    },
	"tomato_clownfish": {
      "trigger": "minecraft:filled_bucket",
      "conditions": {
        "item": {
          "item": "minecraft:tropical_fish_bucket",
		  "nbt": "{BucketVariantTag:917504}"
        }
      }
    },
	"triggerfish": {
      "trigger": "minecraft:filled_bucket",
      "conditions": {
        "item": {
          "item": "minecraft:tropical_fish_bucket",
		  "nbt": "{BucketVariantTag:459008}"
        }
      }
    },
	"yellow_tang": {
      "trigger": "minecraft:filled_bucket",
      "conditions": {
        "item": {
          "item": "minecraft:tropical_fish_bucket",
		  "nbt": "{BucketVariantTag:67371009}"
        }
      }
    },
	"yellowtail_parrotfish": {
      "trigger": "minecraft:filled_bucket",
      "conditions": {
        "item": {
          "item": "minecraft:tropical_fish_bucket",
		  "nbt": "{BucketVariantTag:67699456}"
        }
      }
    },
	"brown_rabbit": {
      "trigger": "minecraft:player_killed_entity",
      "conditions": {
        "entity": {
          "type": "minecraft:rabbit",
		  "nbt": "{RabbitType:0}"
        }
      }
    },
	"white_rabbit": {
      "trigger": "minecraft:player_killed_entity",
      "conditions": {
        "entity": {
          "type": "minecraft:rabbit",
		  "nbt": "{RabbitType:1}"
        }
      }
    },
	"black_rabbit": {
      "trigger": "minecraft:player_killed_entity",
      "conditions": {
        "entity": {
          "type": "minecraft:rabbit",
		  "nbt": "{RabbitType:2}"
        }
      }
    },
	"patchy_rabbit": {
      "trigger": "minecraft:player_killed_entity",
      "conditions": {
        "entity": {
          "type": "minecraft:rabbit",
		  "nbt": "{RabbitType:3}"
        }
      }
    },
	"sandy_rabbit": {
      "trigger": "minecraft:player_killed_entity",
      "conditions": {
        "entity": {
          "type": "minecraft:rabbit",
		  "nbt": "{RabbitType:4}"
        }
      }
    },
	"salty_rabbit": {
      "trigger": "minecraft:player_killed_entity",
      "conditions": {
        "entity": {
          "type": "minecraft:rabbit",
		  "nbt": "{RabbitType:5}"
        }
      }
    },
	"white_horse_no_pattern": {
      "trigger": "minecraft:tame_animal",
      "conditions": {
        "entity": {
			"type": "minecraft:horse",
			"nbt": "{Variant:0}"
        }
      }
    },
	 "creamy_horse_no_pattern": {
      "trigger": "minecraft:tame_animal",
      "conditions": {
        "entity": {
			"type": "minecraft:horse",
			"nbt": "{Variant:1}"
        }
      }
    },
	"chestnut_horse_no_pattern": {
      "trigger": "minecraft:tame_animal",
      "conditions": {
        "entity": {
			"type": "minecraft:horse",
			"nbt": "{Variant:2}"
        }
      }
    },
	"brown_horse_no_pattern": {
      "trigger": "minecraft:tame_animal",
      "conditions": {
        "entity": {
			"type": "minecraft:horse",
			"nbt": "{Variant:3}"
        }
      }
    },
	"black_horse_no_pattern": {
      "trigger": "minecraft:tame_animal",
      "conditions": {
        "entity": {
			"type": "minecraft:horse",
			"nbt": "{Variant:4}"
        }
      }
    },
	"gray_horse_no_pattern": {
      "trigger": "minecraft:tame_animal",
      "conditions": {
        "entity": {
			"type": "minecraft:horse",
			"nbt": "{Variant:5}"
        }
      }
    },
	"dark_brown_horse_no_pattern": {
      "trigger": "minecraft:tame_animal",
      "conditions": {
        "entity": {
			"type": "minecraft:horse",
			"nbt": "{Variant:6}"
        }
      }
    },
	"white_horse_blaze_and_stockings": {
      "trigger": "minecraft:tame_animal",
      "conditions": {
        "entity": {
			"type": "minecraft:horse",
			"nbt": "{Variant:256}"
        }
      }
    },
	"creamy_horse_blaze_and_stockings": {
      "trigger": "minecraft:tame_animal",
      "conditions": {
        "entity": {
			"type": "minecraft:horse",
			"nbt": "{Variant:257}"
        }
      }
    },
	"chestnut_horse_blaze_and_stockings": {
      "trigger": "minecraft:tame_animal",
      "conditions": {
        "entity": {
			"type": "minecraft:horse",
			"nbt": "{Variant:258}"
        }
      }
    },
	"brown_horse_blaze_and_stockings": {
      "trigger": "minecraft:tame_animal",
      "conditions": {
        "entity": {
			"type": "minecraft:horse",
			"nbt": "{Variant:259}"
        }
      }
    },
	"black_horse_blaze_and_stockings": {
      "trigger": "minecraft:tame_animal",
      "conditions": {
        "entity": {
			"type": "minecraft:horse",
			"nbt": "{Variant:260}"
        }
      }
    },
	"gray_horse_blaze_and_stockings": {
      "trigger": "minecraft:tame_animal",
      "conditions": {
        "entity": {
			"type": "minecraft:horse",
			"nbt": "{Variant:261}"
        }
      }
    },
	"dark_brown_horse_blaze_and_stockings": {
      "trigger": "minecraft:tame_animal",
      "conditions": {
        "entity": {
			"type": "minecraft:horse",
			"nbt": "{Variant:262}"
        }
      }
    },
	"white_horse_paint": {
      "trigger": "minecraft:tame_animal",
      "conditions": {
        "entity": {
			"type": "minecraft:horse",
			"nbt": "{Variant:512}"
        }
      }
    },
	"creamy_horse_paint": {
      "trigger": "minecraft:tame_animal",
      "conditions": {
        "entity": {
			"type": "minecraft:horse",
			"nbt": "{Variant:513}"
        }
      }
    },
	"chestnut_horse_paint": {
      "trigger": "minecraft:tame_animal",
      "conditions": {
        "entity": {
			"type": "minecraft:horse",
			"nbt": "{Variant:514}"
        }
      }
    },
	"brown_horse_paint": {
      "trigger": "minecraft:tame_animal",
      "conditions": {
        "entity": {
			"type": "minecraft:horse",
			"nbt": "{Variant:515}"
        }
      }
    },
	"black_horse_paint": {
      "trigger": "minecraft:tame_animal",
      "conditions": {
        "entity": {
			"type": "minecraft:horse",
			"nbt": "{Variant:516}"
        }
      }
    },
	"gray_horse_paint": {
      "trigger": "minecraft:tame_animal",
      "conditions": {
        "entity": {
			"type": "minecraft:horse",
			"nbt": "{Variant:517}"
        }
      }
    },
	"dark_brown_horse_paint": {
      "trigger": "minecraft:tame_animal",
      "conditions": {
        "entity": {
			"type": "minecraft:horse",
			"nbt": "{Variant:518}"
        }
      }
    },
	"white_horse_spotty": {
      "trigger": "minecraft:tame_animal",
      "conditions": {
        "entity": {
			"type": "minecraft:horse",
			"nbt": "{Variant:768}"
        }
      }
    },
	"creamy_horse_spotty": {
      "trigger": "minecraft:tame_animal",
      "conditions": {
        "entity": {
			"type": "minecraft:horse",
			"nbt": "{Variant:769}"
        }
      }
    },
	"chestnut_horse_spotty": {
      "trigger": "minecraft:tame_animal",
      "conditions": {
        "entity": {
			"type": "minecraft:horse",
			"nbt": "{Variant:770}"
        }
      }
    },
	"brown_horse_spotty": {
      "trigger": "minecraft:tame_animal",
      "conditions": {
        "entity": {
			"type": "minecraft:horse",
			"nbt": "{Variant:771}"
        }
      }
    },
	"black_horse_spotty": {
      "trigger": "minecraft:tame_animal",
      "conditions": {
        "entity": {
			"type": "minecraft:horse",
			"nbt": "{Variant:772}"
        }
      }
    },
	"gray_horse_spotty": {
      "trigger": "minecraft:tame_animal",
      "conditions": {
        "entity": {
			"type": "minecraft:horse",
			"nbt": "{Variant:773}"
        }
      }
    },
	"dark_brown_horse_spotty": {
      "trigger": "minecraft:tame_animal",
      "conditions": {
        "entity": {
			"type": "minecraft:horse",
			"nbt": "{Variant:774}"
        }
      }
    },
	"white_horse_sooty": {
      "trigger": "minecraft:tame_animal",
      "conditions": {
        "entity": {
			"type": "minecraft:horse",
			"nbt": "{Variant:1024}"
        }
      }
    },
	"creamy_horse_sooty": {
      "trigger": "minecraft:tame_animal",
      "conditions": {
        "entity": {
			"type": "minecraft:horse",
			"nbt": "{Variant:1025}"
        }
      }
    },
	"chestnut_horse_sooty": {
      "trigger": "minecraft:tame_animal",
      "conditions": {
        "entity": {
			"type": "minecraft:horse",
			"nbt": "{Variant:1026}"
        }
      }
    },
	"brown_horse_sooty": {
      "trigger": "minecraft:tame_animal",
      "conditions": {
        "entity": {
			"type": "minecraft:horse",
			"nbt": "{Variant:1027}"
        }
      }
    },
	"black_horse_sooty": {
      "trigger": "minecraft:tame_animal",
      "conditions": {
        "entity": {
			"type": "minecraft:horse",
			"nbt": "{Variant:1028}"
        }
      }
    },
	"gray_horse_sooty": {
      "trigger": "minecraft:tame_animal",
      "conditions": {
        "entity": {
			"type": "minecraft:horse",
			"nbt": "{Variant:1029}"
        }
      }
    },
	"dark_brown_horse_sooty": {
      "trigger": "minecraft:tame_animal",
      "conditions": {
        "entity": {
			"type": "minecraft:horse",
			"nbt": "{Variant:1030}"
        }
      }
    },
	"breed_bees": {
      "trigger": "minecraft:bred_animals",
      "conditions": {
        "parent": {
          "type": "minecraft:bee"
        }
      }
    },
	"breed_hoglins": {
      "trigger": "minecraft:bred_animals",
      "conditions": {
        "parent": {
          "type": "minecraft:hoglin"
        },
		"partner": {
          "type": "minecraft:hoglin"
        }
      }
    },
	"breed_horses": {
      "trigger": "minecraft:bred_animals",
      "conditions": {
        "parent": {
          "type": "minecraft:horse"
        },
		"partner": {
          "type": "minecraft:horse"
        }
      }
    },
	"breed_donkey_and_horse": {
      "trigger": "minecraft:bred_animals",
      "conditions": {
        "parent": {
          "type": "minecraft:donkey"
        },
		"partner": {
          "type": "minecraft:horse"
        }
      }
    },
	"breed_donkeys": {
      "trigger": "minecraft:bred_animals",
      "conditions": {
        "parent": {
          "type": "minecraft:donkey"
        },
		"partner": {
          "type": "minecraft:donkey"
        }
      }
    },
	"breed_striders": {
      "trigger": "minecraft:bred_animals",
      "conditions": {
        "parent": {
          "type": "minecraft:strider"
        }
      }
    },
    "breed_sheep": {
      "trigger": "minecraft:bred_animals",
      "conditions": {
        "parent": {
          "type": "minecraft:sheep"
        }
      }
    },
    "breed_cows": {
      "trigger": "minecraft:bred_animals",
      "conditions": {
        "parent": {
          "type": "minecraft:cow"
        }
      }
    },
    "breed_mooshrooms": {
      "trigger": "minecraft:bred_animals",
      "conditions": {
        "parent": {
          "type": "minecraft:mooshroom"
        }
      }
    },
    "breed_pigs": {
      "trigger": "minecraft:bred_animals",
      "conditions": {
        "parent": {
          "type": "minecraft:pig"
        }
      }
    },
    "breed_chickens": {
      "trigger": "minecraft:bred_animals",
      "conditions": {
        "parent": {
          "type": "minecraft:chicken"
        }
      }
    },
    "breed_wolves": {
      "trigger": "minecraft:bred_animals",
      "conditions": {
        "parent": {
          "type": "minecraft:wolf"
        }
      }
    },
    "breed_ocelots": {
      "trigger": "minecraft:bred_animals",
      "conditions": {
        "parent": {
          "type": "minecraft:ocelot"
        }
      }
    },
    "breed_rabbits": {
      "trigger": "minecraft:bred_animals",
      "conditions": {
        "parent": {
          "type": "minecraft:rabbit"
        }
      }
    },
    "breed_llamas": {
      "trigger": "minecraft:bred_animals",
      "conditions": {
        "parent": {
          "type": "minecraft:llama"
        }
      }
    },
    "breed_turtles": {
      "trigger": "minecraft:bred_animals",
      "conditions": {
        "parent": {
          "type": "minecraft:turtle"
        }
      }
    },
    "breed_cats": {
      "trigger": "minecraft:bred_animals",
      "conditions": {
        "parent": {
          "type": "minecraft:cat"
        }
      }
    },
    "breed_pandas": {
      "trigger": "minecraft:bred_animals",
      "conditions": {
        "parent": {
          "type": "minecraft:panda"
        }
      }
    },
    "breed_foxes": {
      "trigger": "minecraft:bred_animals",
      "conditions": {
        "parent": {
          "type": "minecraft:fox"
        }
      }
    },
	"brown_sheep": {
      "trigger": "minecraft:impossible"
	},
	"red_sheep": {
      "trigger": "minecraft:impossible"
	},
	"orange_sheep": {
      "trigger": "minecraft:impossible"
	},
	"yellow_sheep": {
      "trigger": "minecraft:impossible"
	},
	"lime_sheep": {
      "trigger": "minecraft:impossible"
	},
	"green_sheep": {
      "trigger": "minecraft:impossible"
	},
	"cyan_sheep": {
      "trigger": "minecraft:impossible"
	},
	"light_blue_sheep": {
      "trigger": "minecraft:impossible"
	},
	"blue_sheep": {
      "trigger": "minecraft:impossible"
	},
	"purple_sheep": {
      "trigger": "minecraft:impossible"
	},
	"magenta_sheep": {
      "trigger": "minecraft:impossible"
	},
	"pink_sheep": {
      "trigger": "minecraft:impossible"
	},
    "white_sheep": {
      "trigger": "minecraft:impossible"
	},
	"light_gray_sheep": {
      "trigger": "minecraft:impossible"
	},
	"gray_sheep": {
      "trigger": "minecraft:impossible"
	},
	"black_sheep": {
      "trigger": "minecraft:impossible"
	},
	"jittery_target": {
      "trigger": "minecraft:player_killed_entity",
      "conditions": {
        "entity": {
          "type": "minecraft:bat",
          "distance": {
            "horizontal": {
              "min": 20.0
            }
          }
        },
        "killing_blow": {
          "is_projectile": true
        }
      }
    },
	"faster_than_a_smoker_cod": {
      "trigger": "minecraft:player_killed_entity",
      "conditions": {
			"entity": {
				"type": "cod",
				"flags": {
					"is_on_fire": true
				}
			}
		}
	},
	"faster_than_a_smoker_cow": {
      "trigger": "minecraft:player_killed_entity",
      "conditions": {
			"entity": {
				"type": "cow",
				"flags": {
					"is_on_fire": true,
					"is_baby": false
				}
			}
		}
	},
	"faster_than_a_smoker_chicken": {
      "trigger": "minecraft:player_killed_entity",
      "conditions": {
			"entity": {
				"type": "chicken",
				"flags": {
					"is_on_fire": true,
					"is_baby": false
				}
			}
		}
	},
	"faster_than_a_smoker_mooshroom": {
      "trigger": "minecraft:player_killed_entity",
      "conditions": {
			"entity": {
				"type": "mooshroom",
				"flags": {
					"is_on_fire": true,
					"is_baby": false
				}
			}
		}
	},
	"faster_than_a_smoker_pig": {
      "trigger": "minecraft:player_killed_entity",
      "conditions": {
			"entity": {
				"type": "pig",
				"flags": {
					"is_on_fire": true,
					"is_baby": false
				}
			}
		}
	},
	"faster_than_a_smoker_rabbit": {
      "trigger": "minecraft:player_killed_entity",
      "conditions": {
			"entity": {
				"type": "rabbit",
				"flags": {
					"is_on_fire": true,
					"is_baby": false
				}
			}
		}
	},
	"faster_than_a_smoker_salmon": {
      "trigger": "minecraft:player_killed_entity",
      "conditions": {
			"entity": {
				"type": "salmon",
				"flags": {
					"is_on_fire": true
				}
			}
		}
	},
	"faster_than_a_smoker_sheep": {
      "trigger": "minecraft:player_killed_entity",
      "conditions": {
			"entity": {
				"type": "sheep",
				"flags": {
					"is_on_fire": true,
					"is_baby": false
				}
			}
		}
	},
	"echolocation": {
      "trigger": "minecraft:player_interacted_with_entity",
      "conditions": {
        "item": {
          "tag": "minecraft:fishes"
        },
        "entity": [
          {
            "condition": "minecraft:entity_properties",
            "predicate": {
              "type": "minecraft:dolphin",
              "flags": {
                "is_baby": false
              }
            },
            "entity": "this"
          }
        ]
      }
    },
	"polar_bear": {
      "trigger": "minecraft:impossible"
    },
	"beelocation": {
      "trigger": "minecraft:bee_nest_destroyed",
      "conditions": {
        "block": "minecraft:bee_nest",
        "item": {
          "enchantments": [
            {
              "enchantment": "minecraft:silk_touch"
            }
          ]
        },
        "num_bees_inside": 3
      }
    },
	"bee_our_guest": {
      "trigger": "minecraft:item_used_on_block",
      "conditions": {
        "location": {
          "smokey": true,
          "block": {
            "tag": "minecraft:beehives"
          }
        },
        "item": {
          "item": "minecraft:glass_bottle"
        }
      }
    },
	"transmootation_lightning": {
	  "trigger": "minecraft:channeled_lightning",
      "conditions": {
        "victims": [
          {
            "type": "minecraft:mooshroom"
          }
        ]
      }
	},
	"transmootation_breeding": {
      "trigger": "minecraft:bred_animals",
      "conditions": {
		"child": {
			"type": "minecraft:mooshroom",
			"nbt": "{Type:\"brown\"}"
			}
		}
	},
	"were_ewe_adopted_orange": {
      "trigger": "minecraft:bred_animals",
      "conditions": {
		"parent": {
			"type": "minecraft:sheep",
			"nbt": "{Color:14b}"
			},
		"partner": {
			"type": "minecraft:sheep",
			"nbt": "{Color:4b}"
			},
		"child": {
			"type": "minecraft:sheep",
			"nbt": "{Color:1b}"
			}
		}
	},
	"were_ewe_adopted_purple": {
      "trigger": "minecraft:bred_animals",
      "conditions": {
		"parent": {
			"type": "minecraft:sheep",
			"nbt": "{Color:14b}"
			},
		"partner": {
			"type": "minecraft:sheep",
			"nbt": "{Color:11b}"
			},
		"child": {
			"type": "minecraft:sheep",
			"nbt": "{Color:10b}"
			}
		}
	},
	"were_ewe_adopted_pink": {
      "trigger": "minecraft:bred_animals",
      "conditions": {
		"parent": {
			"type": "minecraft:sheep",
			"nbt": "{Color:14b}"
			},
		"partner": {
			"type": "minecraft:sheep",
			"nbt": "{Color:0b}"
			},
		"child": {
			"type": "minecraft:sheep",
			"nbt": "{Color:6b}"
			}
		}
	},
	"were_ewe_adopted_lime": {
      "trigger": "minecraft:bred_animals",
      "conditions": {
		"parent": {
			"type": "minecraft:sheep",
			"nbt": "{Color:13b}"
			},
		"partner": {
			"type": "minecraft:sheep",
			"nbt": "{Color:0b}"
			},
		"child": {
			"type": "minecraft:sheep",
			"nbt": "{Color:5b}"
			}
		}
	},
	"were_ewe_adopted_cyan": {
      "trigger": "minecraft:bred_animals",
      "conditions": {
		"parent": {
			"type": "minecraft:sheep",
			"nbt": "{Color:13b}"
			},
		"partner": {
			"type": "minecraft:sheep",
			"nbt": "{Color:11b}"
			},
		"child": {
			"type": "minecraft:sheep",
			"nbt": "{Color:9b}"
			}
		}
	},
	"were_ewe_adopted_light_blue": {
      "trigger": "minecraft:bred_animals",
      "conditions": {
		"parent": {
			"type": "minecraft:sheep",
			"nbt": "{Color:11b}"
			},
		"partner": {
			"type": "minecraft:sheep",
			"nbt": "{Color:0b}"
			},
		"child": {
			"type": "minecraft:sheep",
			"nbt": "{Color:3b}"
			}
		}
	},
	"were_ewe_adopted_magenta": {
      "trigger": "minecraft:bred_animals",
      "conditions": {
		"parent": {
			"type": "minecraft:sheep",
			"nbt": "{Color:10b}"
			},
		"partner": {
			"type": "minecraft:sheep",
			"nbt": "{Color:6b}"
			},
		"child": {
			"type": "minecraft:sheep",
			"nbt": "{Color:2b}"
			}
		}
	},
	"were_ewe_adopted_light_gray": {
      "trigger": "minecraft:bred_animals",
      "conditions": {
		"parent": {
			"type": "minecraft:sheep",
			"nbt": "{Color:0b}"
			},
		"partner": {
			"type": "minecraft:sheep",
			"nbt": "{Color:7b}"
			},
		"child": {
			"type": "minecraft:sheep",
			"nbt": "{Color:8b}"
			}
		}
	},
	"were_ewe_adopted_gray": {
      "trigger": "minecraft:bred_animals",
      "conditions": {
		"parent": {
			"type": "minecraft:sheep",
			"nbt": "{Color:0b}"
			},
		"partner": {
			"type": "minecraft:sheep",
			"nbt": "{Color:15b}"
			},
		"child": {
			"type": "minecraft:sheep",
			"nbt": "{Color:7b}"
			}
		}
	},
	"rainbow_sheep": {
      "trigger": "minecraft:player_interacted_with_entity",
      "conditions": {
        "item": {
          "item": "minecraft:name_tag",
		  "nbt": "{display:{Name:'{\"text\":\"jeb_\"}'}}"
        },
        "entity": [
          {
            "condition": "minecraft:entity_properties",
            "predicate": {
              "type": "minecraft:sheep"
            },
            "entity": "this"
          }
        ]
      }
    }
  },
  "requirements": [
    ["black_cat"],
	["british_shorthair"],
	["calico"],
	["jellie"],
	["persian"],
	["ragdoll"],
	["red_cat"],
	["siamese"],
	["tabby"],
	["tuxedo_cat"],
	["white_cat"],
	["creamy_llama"],
	["white_llama"],
	["brown_llama"],
	["gray_llama"],
	["green_parrot"],
	["light_blue_parrot"],
	["light_gray_parrot"],
	["blue_parrot"],
    ["red_parrot"],
	["wolf"],
	["donkey"],
	["half-assed"],
	[
      "normal_main_gene",
	  "weak_normal",
	  "weak_aggressive",
	  "weak_lazy",
	  "weak_worried",
	  "weak_playful",
	  "weak_brown",
	  "brown_normal",
	  "brown_aggressive",
	  "brown_lazy",
	  "brown_worried",
	  "brown_playful",
	  "brown_weak"
    ],
	["aggressive_main_gene"],
	["lazy_main_gene"],
	["worried_main_gene"],
	["playful_main_gene"],
	["weak_weak"],
	["brown_brown"],
	["anemone"],
	["black_tang"],
	["blue_tang"],
	["butterflyfish"],
	["cichlid"],
	["clownfish"],
	["cod"],
	["cotton_candy_betta"],
	["dottyback"],
	["emperor_red_snapper"],
	["goatfish"],
	["moorish_idol"],
	["ornate_butterflyfish"],
	["parrotfish"],
	["pufferfish"],
	["queen_angelfish"],
	["red_cichlid"],
	["red_lipped_blenny"],
	["red_snapper"],
	["salmon"],
	["threadfin"],
	["tomato_clownfish"],
	["triggerfish"],
	["yellow_tang"],
	["yellowtail_parrotfish"],
	["brown_rabbit"],
	["white_rabbit"],
	["black_rabbit"],
	["patchy_rabbit"],
	["sandy_rabbit"],
	["salty_rabbit"],
	["white_horse_no_pattern"],
	["creamy_horse_no_pattern"],
	["chestnut_horse_no_pattern"],
	["brown_horse_no_pattern"],
	["black_horse_no_pattern"],
	["gray_horse_no_pattern"],
	["dark_brown_horse_no_pattern"],
	["white_horse_blaze_and_stockings"],
	["creamy_horse_blaze_and_stockings"],
	["chestnut_horse_blaze_and_stockings"],
	["brown_horse_blaze_and_stockings"],
	["black_horse_blaze_and_stockings"],
	["gray_horse_blaze_and_stockings"],
	["dark_brown_horse_blaze_and_stockings"],
	["white_horse_paint"],
	["creamy_horse_paint"],
	["chestnut_horse_paint"],
	["brown_horse_paint"],
	["black_horse_paint"],
	["gray_horse_paint"],
	["dark_brown_horse_paint"],
	["white_horse_spotty"],
	["creamy_horse_spotty"],
	["chestnut_horse_spotty"],
	["brown_horse_spotty"],
	["black_horse_spotty"],
	["gray_horse_spotty"],
	["dark_brown_horse_spotty"],
	["white_horse_sooty"],
	["creamy_horse_sooty"],
	["chestnut_horse_sooty"],
	["brown_horse_sooty"],
	["black_horse_sooty"],
	["gray_horse_sooty"],
	["dark_brown_horse_sooty"],
	["breed_bees"],
    ["breed_hoglins"],
    ["breed_horses"],
	["breed_donkey_and_horse"],
	["breed_donkeys"],
	["breed_striders"],
    ["breed_sheep"],
    ["breed_cows"],
    ["breed_mooshrooms"],
    ["breed_pigs"],
    ["breed_chickens"],
    ["breed_wolves"],
    ["breed_ocelots"],
    ["breed_rabbits"],
    ["breed_llamas"],
    ["breed_turtles"],
    ["breed_cats"],
    ["breed_pandas"],
	["breed_foxes"],
	["brown_sheep"],
	["red_sheep"],
	["orange_sheep"],
	["yellow_sheep"],
	["lime_sheep"],
	["green_sheep"],
	["cyan_sheep"],
	["light_blue_sheep"],
	["blue_sheep"],
	["purple_sheep"],
	["magenta_sheep"],
	["pink_sheep"],
	["white_sheep"],
	["light_gray_sheep"],
	["gray_sheep"],
	["black_sheep"],
	["jittery_target"],
	[
	"faster_than_a_smoker_cod",
	"faster_than_a_smoker_cow",
	"faster_than_a_smoker_chicken",
	"faster_than_a_smoker_mooshroom",
	"faster_than_a_smoker_pig",
	"faster_than_a_smoker_rabbit",
	"faster_than_a_smoker_salmon",
	"faster_than_a_smoker_sheep"
	],
	["echolocation"],
	["polar_bear"],
	["beelocation"],
	["bee_our_guest"],
	[
	"transmootation_lightning",
	"transmootation_breeding"
	],
	[
	"were_ewe_adopted_orange",
	"were_ewe_adopted_purple",
	"were_ewe_adopted_pink",
	"were_ewe_adopted_lime",
	"were_ewe_adopted_cyan",
	"were_ewe_adopted_light_blue",
	"were_ewe_adopted_magenta",
	"were_ewe_adopted_light_gray",
	"were_ewe_adopted_gray"
	],
	["rainbow_sheep"]
  ]
}