{
  "display": {
    "icon": {
      "item": "minecraft:stick",
	  "nbt": "{CustomModelData:1000}"
    },
    "title": 
      {"text":"Animals","color":"#ffff00"}
    ,
    "description":
      ["",{"text": "The way of the rancher","color":"white"}]
    ,
    "frame": "task",
    "show_toast": false,
    "announce_to_chat": false,
    "hidden": false,
    "background": "minecraft:textures/icon/animals/background.png"
  },
  "criteria": {
    "animals": {
      "trigger": "minecraft:tick"
    }
  },
  "requirements": [
    [
      "animals"
    ]
  ]
}