{
  "parent": "paint:animals/breeding/breed_donkey_and_horse",
  "display": {
    "icon": {
      "item": "minecraft:stick",
	  "nbt": "{CustomModelData:1356}"
    },
    "title": {
      "text": "Doin' It Donkey Style","color":"#ffff00"}
    ,
    "description":
      ["",{"text": "Breed donkeys with golden apples","color":"white"}]
    ,
    "frame": "task",
    "show_toast": true,
    "announce_to_chat": true,
    "hidden": false
  },
  "criteria": {
    "breed_donkeys": {
      "trigger": "minecraft:bred_animals",
      "conditions": {
        "parent": {
          "type": "minecraft:donkey"
        },
		"partner": {
          "type": "minecraft:donkey"
        }
      }
    }
  },
  "requirements": [
    [
      "breed_donkeys"
    ]
  ]
}