{
  "parent": "paint:animals/breeding/breed_striders",
  "display": {
    "icon": {
      "item": "minecraft:stick",
	  "nbt": "{CustomModelData:1368}"
    },
    "title": {
      "text": "Breed Turtles","color":"#ffff00"}
    ,
    "description":
      ["",{"text": "Breed turtles with sea grass","color":"white"}]
    ,
    "frame": "task",
    "show_toast": true,
    "announce_to_chat": true,
    "hidden": false
  },
  "criteria": {
    "breed_turtles": {
      "trigger": "minecraft:bred_animals",
      "conditions": {
        "parent": {
          "type": "minecraft:turtle"
        }
      }
    }
  },
  "requirements": [
    [
      "breed_turtles"
    ]
  ]
}