{
  "parent": "paint:animals/breeding/breed_cows",
  "display": {
    "icon": {
      "item": "minecraft:stick",
	  "nbt": "{CustomModelData:1355}"
    },
    "title": {
      "text": "Half-assed","color":"#ffff00"}
    ,
    "description":
      ["",{"text": "Breed a donkey with a horse using golden apples to get a mule","color":"white"}]
    ,
    "frame": "task",
    "show_toast": true,
    "announce_to_chat": true,
    "hidden": false
  },
  "criteria": {
    "breed_donkey_and_horse": {
      "trigger": "minecraft:bred_animals",
      "conditions": {
        "parent": {
          "type": "minecraft:donkey"
        },
		"partner": {
          "type": "minecraft:horse"
        }
      }
    }
  },
  "requirements": [
    ["breed_donkey_and_horse"]
  ]
}