{
  "parent": "paint:animals/breeding/breed_rabbits",
  "display": {
    "icon": {
      "item": "minecraft:stick",
	  "nbt": "{CustomModelData:1366}"
    },
    "title": {
      "text": "Breed Sheep","color":"#ffff00"}
    ,
    "description":
      ["",{"text": "Breed sheep with wheat","color":"white"}]
    ,
    "frame": "task",
    "show_toast": true,
    "announce_to_chat": true,
    "hidden": false
  },
  "criteria": {
    "breed_sheep": {
      "trigger": "minecraft:bred_animals",
      "conditions": {
        "parent": {
          "type": "minecraft:sheep"
        }
      }
    }
  },
  "requirements": [
    [
      "breed_sheep"
    ]
  ]
}