{
  "parent": "paint:animals/breeding/breed_llamas",
  "display": {
    "icon": {
      "item": "minecraft:stick",
	  "nbt": "{CustomModelData:1361}"
    },
    "title": {
      "text": "Breed Mooshrooms","color":"#ffff00"}
    ,
    "description":
      ["",{"text": "Breed mooshrooms with wheat","color":"white"}]
    ,
    "frame": "task",
    "show_toast": true,
    "announce_to_chat": true,
    "hidden": false
  },
  "criteria": {
    "breed_mooshrooms": {
      "trigger": "minecraft:bred_animals",
      "conditions": {
        "parent": {
          "type": "minecraft:mooshroom"
        }
      }
    }
  },
  "requirements": [
    [
      "breed_mooshrooms"
    ]
  ]
}