{
  "parent": "paint:animals/breeding/breed_donkeys",
  "display": {
    "icon": {
      "item": "minecraft:stick",
	  "nbt": "{CustomModelData:1357}"
    },
    "title": {
      "text": "Breed Foxes","color":"#ffff00"}
    ,
    "description":
      ["",{"text": "Breed foxes with sweet berries","color":"white"}]
    ,
    "frame": "task",
    "show_toast": true,
    "announce_to_chat": true,
    "hidden": false
  },
  "criteria": {
    "breed_foxes": {
      "trigger": "minecraft:bred_animals",
      "conditions": {
        "parent": {
          "type": "minecraft:fox"
        }
      }
    }
  },
  "requirements": [
    [
      "breed_foxes"
    ]
  ]
}