{
  "parent": "paint:animals/breeding/breed_bees",
  "display": {
    "icon": {
      "item": "minecraft:stick",
	  "nbt": "{CustomModelData:1352}"
    },
    "title": {
      "text": "Breed Cats","color":"#ffff00"}
    ,
    "description":
      ["",{"text": "Breed cats with uncooked fish","color":"white"}]
    ,
    "frame": "task",
    "show_toast": true,
    "announce_to_chat": true,
    "hidden": false
  },
  "criteria": {
    "breed_cats": {
      "trigger": "minecraft:bred_animals",
      "conditions": {
        "parent": {
          "type": "minecraft:cat"
        }
      }
    }
  },
  "requirements": [
    [
      "breed_cats"
    ]
  ]
}