{
  "parent": "paint:animals/breeding/breed_cats",
  "display": {
    "icon": {
      "item": "minecraft:stick",
	  "nbt": "{CustomModelData:1353}"
    },
    "title": {
      "text": "Breed Chickens","color":"#ffff00"}
    ,
    "description":
      ["",{"text": "Breed chickens with seeds","color":"white"}]
    ,
    "frame": "task",
    "show_toast": true,
    "announce_to_chat": true,
    "hidden": false
  },
  "criteria": {
    "breed_chickens": {
      "trigger": "minecraft:bred_animals",
      "conditions": {
        "parent": {
          "type": "minecraft:chicken"
        }
      }
    }
  },
  "requirements": [
    [
      "breed_chickens"
    ]
  ]
}