{
  "parent": "paint:animals/breeding/breed_sheep",
  "display": {
    "icon": {
      "item": "minecraft:stick",
	  "nbt": "{CustomModelData:1367}"
    },
    "title": {
      "text": "Breed Striders","color":"#ffff00"}
    ,
    "description":
      ["",{"text": "Breed striders with warped fungi","color":"white"}]
    ,
    "frame": "task",
    "show_toast": true,
    "announce_to_chat": true,
    "hidden": false
  },
  "criteria": {
    "breed_striders": {
      "trigger": "minecraft:bred_animals",
      "conditions": {
        "parent": {
          "type": "minecraft:strider"
        }
      }
    }
  },
  "requirements": [
    [
      "breed_striders"
    ]
  ]
}