{
  "parent": "paint:animals/breeding/breed_ocelots",
  "display": {
    "icon": {
      "item": "minecraft:stick",
	  "nbt": "{CustomModelData:1363}"
    },
    "title": {
      "text": "Breed Pandas","color":"#ffff00"}
    ,
    "description":
      ["",{"text": "Breed pandas with bamboo, around bamboo blocks","color":"white"}]
    ,
    "frame": "task",
    "show_toast": true,
    "announce_to_chat": true,
    "hidden": false
  },
  "criteria": {
    "breed_pandas": {
      "trigger": "minecraft:bred_animals",
      "conditions": {
        "parent": {
          "type": "minecraft:panda"
        }
      }
    }
  },
  "requirements": [
    [
      "breed_pandas"
    ]
  ]
}