{
  "parent": "paint:animals/breeding/breed_pigs",
  "display": {
    "icon": {
      "item": "minecraft:stick",
	  "nbt": "{CustomModelData:1365}"
    },
    "title": {
      "text": "Breed Rabbits","color":"#ffff00"}
    ,
    "description":
      ["",{"text": "Breed rabbits with carrots","color":"white"}]
    ,
    "frame": "task",
    "show_toast": true,
    "announce_to_chat": true,
    "hidden": false
  },
  "criteria": {
    "breed_rabbits": {
      "trigger": "minecraft:bred_animals",
      "conditions": {
        "parent": {
          "type": "minecraft:rabbit"
        }
      }
    }
  },
  "requirements": [
    [
      "breed_rabbits"
    ]
  ]
}