{
  "parent": "paint:animals/breeding/two_by_two",
  "display": {
    "icon": {
      "item": "minecraft:stick",
	  "nbt": "{CustomModelData:1364}"
    },
    "title": {
      "text": "Breed Pigs","color":"#ffff00"}
    ,
    "description":
      ["",{"text": "Breed pigs with carrots or beetroot","color":"white"}]
    ,
    "frame": "task",
    "show_toast": true,
    "announce_to_chat": true,
    "hidden": false
  },
  "criteria": {
    "breed_pigs": {
      "trigger": "minecraft:bred_animals",
      "conditions": {
        "parent": {
          "type": "minecraft:pig"
        }
      }
    }
  },
  "requirements": [
    [
      "breed_pigs"
    ]
  ]
}