{
  "parent": "paint:animals/breeding/breed_horses",
  "display": {
    "icon": {
      "item": "minecraft:stick",
	  "nbt": "{CustomModelData:1360}"
    },
    "title": {
      "text": "Breed Llamas","color":"#ffff00"}
    ,
    "description":
      ["",{"text": "Breed llamas with hay blocks","color":"white"}]
    ,
    "frame": "task",
    "show_toast": true,
    "announce_to_chat": true,
    "hidden": false
  },
  "criteria": {
    "breed_llamas": {
      "trigger": "minecraft:bred_animals",
      "conditions": {
        "parent": {
          "type": "minecraft:llama"
        }
      }
    }
  },
  "requirements": [
    [
      "breed_llamas"
    ]
  ]
}