{
  "parent": "paint:animals/breeding/breed_hoglins",
  "display": {
    "icon": {
      "item": "minecraft:stick",
	  "nbt": "{CustomModelData:1359}"
    },
    "title": {
      "text": "Breed Horses","color":"#ffff00"}
    ,
    "description":
      ["",{"text": "Breed horses with golden apples","color":"white"}]
    ,
    "frame": "task",
    "show_toast": true,
    "announce_to_chat": true,
    "hidden": false
  },
  "criteria": {
    "breed_horse": {
      "trigger": "minecraft:bred_animals",
      "conditions": {
        "parent": {
          "type": "minecraft:horse"
        },
		"partner": {
          "type": "minecraft:horse"
        }
      }
    }
  },
  "requirements": [
    [
      "breed_horse"
    ]
  ]
}