{
  "parent": "paint:animals/breeding/breed_mooshrooms",
  "display": {
    "icon": {
      "item": "minecraft:stick",
	  "nbt": "{CustomModelData:1362}"
    },
    "title": {
      "text": "Breed Ocelots","color":"#ffff00"}
    ,
    "description":
      ["",{"text": "Breed ocelots with uncooked fish","color":"white"}]
    ,
    "frame": "task",
    "show_toast": true,
    "announce_to_chat": true,
    "hidden": false
  },
  "criteria": {
    "breed_ocelots": {
      "trigger": "minecraft:bred_animals",
      "conditions": {
        "parent": {
          "type": "minecraft:ocelot"
        }
      }
    }
  },
  "requirements": [
    [
      "breed_ocelots"
    ]
  ]
}