{
  "parent": "paint:animals/animal_lover",
  "display": {
    "icon": {
      "item": "minecraft:stick",
	  "nbt": "{CustomModelData:1350}"
    },
    "title": {
      "text": "Two by Two","color":"#ffff00"}
    ,
    "description":
      ["",{"text":"Breed all the breedable animals. ","color":"white"},{"text":"Tasks announced in chat.","color":"dark_gray"}]
    ,
    "frame": "challenge",
    "show_toast": true,
    "announce_to_chat": true,
    "hidden": false
  },
  "criteria": {
    "breed_bees": {
      "trigger": "minecraft:bred_animals",
      "conditions": {
        "parent": {
          "type": "minecraft:bee"
        }
      }
    },
	"breed_hoglins": {
      "trigger": "minecraft:bred_animals",
      "conditions": {
        "parent": {
          "type": "minecraft:hoglin"
        },
		"partner": {
          "type": "minecraft:hoglin"
        }
      }
    },
	"breed_horses": {
      "trigger": "minecraft:bred_animals",
      "conditions": {
        "parent": {
          "type": "minecraft:horse"
        },
		"partner": {
          "type": "minecraft:horse"
        }
      }
    },
	"breed_donkey_and_horse": {
      "trigger": "minecraft:bred_animals",
      "conditions": {
        "parent": {
          "type": "minecraft:donkey"
        },
		"partner": {
          "type": "minecraft:horse"
        }
      }
    },
	"breed_donkeys": {
      "trigger": "minecraft:bred_animals",
      "conditions": {
        "parent": {
          "type": "minecraft:donkey"
        },
		"partner": {
          "type": "minecraft:donkey"
        }
      }
    },
	"breed_striders": {
      "trigger": "minecraft:bred_animals",
      "conditions": {
        "parent": {
          "type": "minecraft:strider"
        }
      }
    },
    "breed_sheep": {
      "trigger": "minecraft:bred_animals",
      "conditions": {
        "parent": {
          "type": "minecraft:sheep"
        }
      }
    },
    "breed_cows": {
      "trigger": "minecraft:bred_animals",
      "conditions": {
        "parent": {
          "type": "minecraft:cow"
        }
      }
    },
    "breed_mooshrooms": {
      "trigger": "minecraft:bred_animals",
      "conditions": {
        "parent": {
          "type": "minecraft:mooshroom"
        }
      }
    },
    "breed_pigs": {
      "trigger": "minecraft:bred_animals",
      "conditions": {
        "parent": {
          "type": "minecraft:pig"
        }
      }
    },
    "breed_chickens": {
      "trigger": "minecraft:bred_animals",
      "conditions": {
        "parent": {
          "type": "minecraft:chicken"
        }
      }
    },
    "breed_wolves": {
      "trigger": "minecraft:bred_animals",
      "conditions": {
        "parent": {
          "type": "minecraft:wolf"
        }
      }
    },
    "breed_ocelots": {
      "trigger": "minecraft:bred_animals",
      "conditions": {
        "parent": {
          "type": "minecraft:ocelot"
        }
      }
    },
    "breed_rabbits": {
      "trigger": "minecraft:bred_animals",
      "conditions": {
        "parent": {
          "type": "minecraft:rabbit"
        }
      }
    },
    "breed_llamas": {
      "trigger": "minecraft:bred_animals",
      "conditions": {
        "parent": {
          "type": "minecraft:llama"
        }
      }
    },
    "breed_turtles": {
      "trigger": "minecraft:bred_animals",
      "conditions": {
        "parent": {
          "type": "minecraft:turtle"
        }
      }
    },
    "breed_cats": {
      "trigger": "minecraft:bred_animals",
      "conditions": {
        "parent": {
          "type": "minecraft:cat"
        }
      }
    },
    "breed_pandas": {
      "trigger": "minecraft:bred_animals",
      "conditions": {
        "parent": {
          "type": "minecraft:panda"
        }
      }
    },
    "breed_foxes": {
      "trigger": "minecraft:bred_animals",
      "conditions": {
        "parent": {
          "type": "minecraft:fox"
        }
      }
    }
  },
  "requirements": [
	["breed_bees"],
	["breed_hoglins"],
    ["breed_horses"],
	["breed_donkey_and_horse"],
	["breed_donkeys"],
	["breed_striders"],
    ["breed_sheep"],
    ["breed_cows"],
    ["breed_mooshrooms"],
    ["breed_pigs"],
    ["breed_chickens"],
    ["breed_wolves"],
    ["breed_ocelots"],
    ["breed_rabbits"],
    ["breed_llamas"],
    ["breed_turtles"],
    ["breed_cats"],
    ["breed_pandas"],
	["breed_foxes"]
  ]
}