{
  "parent": "paint:combat/dragon/figurehead",
  "display": {
    "icon": {
      "item": "minecraft:stick",
	  "nbt": "{CustomModelData:2055}"
    },
    "title": {
      "text": "Dragain","color":"#FA0000"}
    ,
    "description":
      ["",{"text":"Resurrect the dragon by putting four end crytals on the end exit portal","color":"white"}]
    ,
    "frame": "task",
    "show_toast": true,
    "announce_to_chat": true,
    "hidden": false
  },
  "criteria": {
    "dragain": {
      "trigger": "minecraft:summoned_entity",
      "conditions": {
        "entity": {
          "type": "minecraft:ender_dragon"
        }
      }
    }
  },
  "requirements": [
    [
      "dragain"
    ]
  ]
}