{
  "parent": "paint:combat/dragon/take_her_breath_away",
  "display": {
    "icon": {
      "item": "minecraft:stick",
	  "nbt": "{CustomModelData:2054}"
    },
    "title": {
      "text": "Dragon Slayer","color":"#FA0000"}
    ,
    "description": 
      ["",{"text":"Slay the Ender Dragon","color":"white"}]
    ,
    "frame": "task",
    "show_toast": true,
    "announce_to_chat": true,
    "hidden": false
  },
  "criteria": {
    "dragon_slayer": {
      "trigger": "minecraft:player_killed_entity",
      "conditions": {
        "entity": {
          "type": "minecraft:ender_dragon"
        }
      }
    }
  },
  "requirements": [
    [
      "dragon_slayer"
    ]
  ]
}