{
  "parent": "paint:combat/dragon/completionist_dragon_slayer",
  "display": {
    "icon": {
      "item": "minecraft:stick",
	  "nbt": "{CustomModelData:2051}"
    },
    "title": {
      "text": "Enter The End","color":"#FA0000"}
    ,
    "description":
      ["",{"text":"Fill the end portal with eyes of ender to activate it, and then enter it","color":"white"}]
    ,
    "frame": "task",
    "show_toast": true,
    "announce_to_chat": true,
    "hidden": false
  },
  "criteria": {
    "enter_the_end": {
      "trigger": "minecraft:changed_dimension",
	  "conditions": {
        "to": "minecraft:the_end"
      }
    }
  },
  "requirements": [
    [
      "enter_the_end"
    ]
  ]
}