{
  "parent": "paint:combat/dragon/completionist_dragon_slayer",
  "display": {
    "icon": {
      "item": "minecraft:dragon_head"
    },
    "title": {
      "text": "Figurehead","color":"#FA0000"}
    ,
    "description":
      ["",{"text":"Obtain a dragon head","color":"white"}]
    ,
    "frame": "task",
    "show_toast": true,
    "announce_to_chat": true,
    "hidden": false
  },
  "criteria": {
    "figurehead": {
      "trigger": "minecraft:inventory_changed",
      "conditions": {
        "items": [
          {
            "item": "minecraft:dragon_head"
          }
        ]
      }
    }
  },
  "requirements": [
    ["figurehead"]
  ]
}