{
  "parent": "paint:combat/dragon/dragain",
  "display": {
    "icon": {
      "item": "minecraft:stick",
	  "nbt": "{CustomModelData:2056}"
    },
    "title": {
      "text": "Gateway Icosagon","color":"#FA0000"}
    ,
    "description":
      ["",{"text":"An icosagon is a 20-sided shape. Unlock all 20 End Gateways.","color":"white"}]
    ,
    "frame": "task",
    "show_toast": true,
    "announce_to_chat": false,
    "hidden": false
  },
  "criteria": {
    "gateway_icosagon_1": {
      "trigger": "minecraft:impossible"
    },
	"gateway_icosagon_2": {
      "trigger": "minecraft:impossible"
    },
	"gateway_icosagon_3": {
      "trigger": "minecraft:impossible"
    },
	"gateway_icosagon_4": {
      "trigger": "minecraft:impossible"
    },
	"gateway_icosagon_5": {
      "trigger": "minecraft:impossible"
    },
	"gateway_icosagon_6": {
      "trigger": "minecraft:impossible"
    },
	"gateway_icosagon_7": {
      "trigger": "minecraft:impossible"
    },
	"gateway_icosagon_8": {
      "trigger": "minecraft:impossible"
    },
	"gateway_icosagon_9": {
      "trigger": "minecraft:impossible"
    },
	"gateway_icosagon_10": {
      "trigger": "minecraft:impossible"
    },
	"gateway_icosagon_11": {
      "trigger": "minecraft:impossible"
    },
	"gateway_icosagon_12": {
      "trigger": "minecraft:impossible"
    },
	"gateway_icosagon_13": {
      "trigger": "minecraft:impossible"
    },
	"gateway_icosagon_14": {
      "trigger": "minecraft:impossible"
    },
	"gateway_icosagon_15": {
      "trigger": "minecraft:impossible"
    },
	"gateway_icosagon_16": {
      "trigger": "minecraft:impossible"
    },
	"gateway_icosagon_17": {
      "trigger": "minecraft:impossible"
    },
	"gateway_icosagon_18": {
      "trigger": "minecraft:impossible"
    },
	"gateway_icosagon_19": {
      "trigger": "minecraft:impossible"
    },
	"gateway_icosagon_20": {
      "trigger": "minecraft:impossible"
    }
  },
  "rewards": {
    "function": "paint:pca/rewards/combat/dragon/gateway_icosagon"
  },
  "requirements": [
    ["gateway_icosagon_1"],
	["gateway_icosagon_2"],
	["gateway_icosagon_3"],
	["gateway_icosagon_4"],
	["gateway_icosagon_5"],
	["gateway_icosagon_6"],
	["gateway_icosagon_7"],
	["gateway_icosagon_8"],
	["gateway_icosagon_9"],
	["gateway_icosagon_10"],
	["gateway_icosagon_11"],
	["gateway_icosagon_12"],
	["gateway_icosagon_13"],
	["gateway_icosagon_14"],
	["gateway_icosagon_15"],
	["gateway_icosagon_16"],
	["gateway_icosagon_17"],
	["gateway_icosagon_18"],
	["gateway_icosagon_19"],
	["gateway_icosagon_20"]
  ]
}