{
  "parent": "paint:combat/dragon/crystactics",
  "display": {
    "icon": {
      "item": "minecraft:stick",
	  "nbt": "{CustomModelData:2053}"
    },
    "title": {
      "text": "Take Her Breath Away","color":"#FA0000"}
    ,
    "description":
      ["",{"text":"Collect a stack of dragon's breath by bottling clouds of it","color":"white"}]
    ,
    "frame": "task",
    "show_toast": true,
    "announce_to_chat": true,
    "hidden": false
  },
  "criteria": {
    "take_her_breath_away": {
      "trigger": "minecraft:inventory_changed",
	  "conditions": {
		"items": [
			{
				"item": "minecraft:dragon_breath",
				"count": {
					"min": 64
				}
			}
		]
	  }
    }
  },
  "requirements": [
    ["take_her_breath_away"]
  ]
}