{
  "parent": "paint:adventure/biomes/snowy/snowy_taiga",
  "display": {
    "icon": {
      "item": "minecraft:stick",
	  "nbt": "{CustomModelData:14}"
    },
    "title": {
      "text": "Snowy Taiga Mountains","color":"#0000ff"}
    ,
    "description":
      ["",{"text":"Visit the snowy taiga mountains","color":"white"}]
    ,
    "frame": "task",
    "show_toast": true,
    "announce_to_chat": false,
    "hidden": false
  },
  "criteria": {
	"snowy_taiga_mountains": {
      "trigger": "minecraft:location",
      "conditions": {
        "biome": "minecraft:snowy_taiga_mountains"
      }
    }
  },
  "requirements": [
    ["snowy_taiga_mountains"]
  ]
}