{
  "parent": "paint:adventure/biomes/snowy/snowy_mountains",
  "display": {
    "icon": {
      "item": "minecraft:stick",
	  "nbt": "{CustomModelData:13}"
    },
    "title": {
      "text": "Snowy Taiga","color":"#0000ff"}
    ,
    "description":
      ["",{"text":"Visit the snowy taiga or snow taiga hills","color":"white"}]
    ,
    "frame": "task",
    "show_toast": true,
    "announce_to_chat": false,
    "hidden": false
  },
  "criteria": {
    "snowy_taiga": {
      "trigger": "minecraft:location",
      "conditions": {
        "biome": "minecraft:snowy_taiga"
      }
    },
	"snowy_taiga_hills": {
      "trigger": "minecraft:location",
      "conditions": {
        "biome": "minecraft:snowy_taiga_hills"
      }
    }
  },
  "requirements": [
    [
      "snowy_taiga",
	  "snowy_taiga_hills"
    ]
  ]
}