{
  "parent": "paint:adventure/biomes/snowy/snowy_tundra",
  "display": {
    "icon": {
      "item": "minecraft:stick",
	  "nbt": "{CustomModelData:12}"
    },
    "title": {
      "text": "Snowy Mountains","color":"#0000ff"}
    ,
    "description":
      ["",{"text":"Visit the snowy mountains","color":"white"}]
    ,
    "frame": "task",
    "show_toast": true,
    "announce_to_chat": false,
    "hidden": false
  },
  "criteria": {
    "snowy_mountains": {
      "trigger": "minecraft:location",
      "conditions": {
        "biome": "minecraft:snowy_mountains"
      }
    }
  },
  "requirements": [
    [
      "snowy_mountains"
    ]
  ]
}