{
  "parent": "paint:adventure/food/herbivore/herbivore",
  "display": {
    "icon": {
      "item": "minecraft:apple"
    },
    "title": {
      "text": "Apple","color":"#0000ff"}
	,
    "description":
      ["",{"text": "Eat an apple","color":"white"}]
	,
    "frame": "task",
    "show_toast": true,
    "announce_to_chat": false,
    "hidden": false
  },
  "criteria": {
    "apple": {
      "trigger": "minecraft:consume_item",
      "conditions": {
        "item": {
          "item": "minecraft:apple"
        }
      }
    }
  },
  "requirements": [
    ["apple"]
  ]
}