{
  "parent": "paint:adventure/food/herbivore/beetroot",
  "display": {
    "icon": {
      "item": "minecraft:beetroot_soup"
    },
    "title": {
      "text": "Beetroot Soup","color":"#0000ff"}
	,
    "description":
      ["",{"text": "Consume beetroot soup","color":"white"}]
	,
    "frame": "task",
    "show_toast": true,
    "announce_to_chat": false,
    "hidden": false
  },
  "criteria": {
    "beetroot_soup": {
      "trigger": "minecraft:consume_item",
      "conditions": {
        "item": {
          "item": "minecraft:beetroot_soup"
        }
      }
    }
  },
  "requirements": [
    ["beetroot_soup"]
  ]
}