{
  "parent": "paint:adventure/food/herbivore/baked_potato",
  "display": {
    "icon": {
      "item": "minecraft:beetroot"
    },
    "title": {
      "text": "Beetroot","color":"#0000ff"}
	,
    "description":
      ["",{"text": "Eat a beetroot","color":"white"}]
	,
    "frame": "task",
    "show_toast": true,
    "announce_to_chat": false,
    "hidden": false
  },
  "criteria": {
    "beetroot": {
      "trigger": "minecraft:consume_item",
      "conditions": {
        "item": {
          "item": "minecraft:beetroot"
        }
      }
    }
  },
  "requirements": [
    ["beetroot"]
  ]
}