{
  "parent": "paint:adventure/food/herbivore/beetroot_soup",
  "display": {
    "icon": {
      "item": "minecraft:bread"
    },
    "title": {
      "text": "Bread","color":"#0000ff"}
	,
    "description":
      ["",{"text": "Eat bread","color":"white"}]
	,
    "frame": "task",
    "show_toast": true,
    "announce_to_chat": false,
    "hidden": false
  },
  "criteria": {
    "bread": {
      "trigger": "minecraft:consume_item",
      "conditions": {
        "item": {
          "item": "minecraft:bread"
        }
      }
    }
  },
  "requirements": [
    ["bread"]
  ]
}