{
  "parent": "paint:adventure/food/herbivore/herbivore",
  "display": {
    "icon": {
      "item": "minecraft:cake"
    },
    "title": {
      "text": "Cake","color":"#0000ff"}
	,
    "description":
      ["",{"text": "Eat a slice of cake","color":"white"}]
	,
    "frame": "task",
    "show_toast": true,
    "announce_to_chat": false,
    "hidden": false
  },
  "criteria": {
    "cake": {
      "trigger": "minecraft:impossible"
    }
  },
  "requirements": [
    ["cake"]
  ]
}