{
  "parent": "paint:adventure/food/herbivore/cake",
  "display": {
    "icon": {
      "item": "minecraft:carrot"
    },
    "title": {
      "text": "Carrot","color":"#0000ff"}
	,
    "description":
      ["",{"text": "Eat a carrot","color":"white"}]
	,
    "frame": "task",
    "show_toast": true,
    "announce_to_chat": false,
    "hidden": false
  },
  "criteria": {
    "carrot": {
      "trigger": "minecraft:consume_item",
      "conditions": {
        "item": {
          "item": "minecraft:carrot"
        }
      }
    }
  },
  "requirements": [
    ["carrot"]
  ]
}