{
  "parent": "paint:adventure/food/omnivore",
  "display": {
    "icon": {
      "item": "minecraft:stick",
	  "nbt": "{CustomModelData:352}"
    },
    "title": {
      "text": "Herbivore","color":"#0000ff"}
	,
    "description":
      ["",{"text": "Eat all the non-meat foods","color":"white"}]
	,
    "frame": "goal",
    "show_toast": true,
    "announce_to_chat": true,
    "hidden": false
  },
  "criteria": {
    "apple": {
      "trigger": "minecraft:consume_item",
      "conditions": {
        "item": {
          "item": "minecraft:apple"
        }
      }
    },
	"baked_potato": {
      "trigger": "minecraft:consume_item",
      "conditions": {
        "item": {
          "item": "minecraft:baked_potato"
        }
      }
    },
	"beetroot": {
      "trigger": "minecraft:consume_item",
      "conditions": {
        "item": {
          "item": "minecraft:beetroot"
        }
      }
    },
	"beetroot_soup": {
      "trigger": "minecraft:consume_item",
      "conditions": {
        "item": {
          "item": "minecraft:beetroot_soup"
        }
      }
    },
	"bread": {
      "trigger": "minecraft:consume_item",
      "conditions": {
        "item": {
          "item": "minecraft:bread"
        }
      }
    },
	"cake": {
      "trigger": "minecraft:impossible"
    },
	"carrot": {
      "trigger": "minecraft:consume_item",
      "conditions": {
        "item": {
          "item": "minecraft:carrot"
        }
      }
    },
	"cookie": {
      "trigger": "minecraft:consume_item",
      "conditions": {
        "item": {
          "item": "minecraft:cookie"
        }
      }
    },
	"dried_kelp": {
      "trigger": "minecraft:consume_item",
      "conditions": {
        "item": {
          "item": "minecraft:dried_kelp"
        }
      }
    },
	"golden_apple": {
      "trigger": "minecraft:consume_item",
      "conditions": {
        "item": {
          "item": "minecraft:golden_apple"
        }
      }
    },
	"golden_carrot": {
      "trigger": "minecraft:consume_item",
      "conditions": {
        "item": {
          "item": "minecraft:golden_carrot"
        }
      }
    },
	"honey_bottle": {
      "trigger": "minecraft:consume_item",
      "conditions": {
        "item": {
          "item": "minecraft:honey_bottle"
        }
      }
    },
	"melon_slice": {
      "trigger": "minecraft:consume_item",
      "conditions": {
        "item": {
          "item": "minecraft:melon_slice"
        }
      }
    },
	"milk_bucket": {
      "trigger": "minecraft:consume_item",
      "conditions": {
        "item": {
          "item": "minecraft:milk_bucket"
        }
      }
    },
	"mushroom_stew": {
      "trigger": "minecraft:consume_item",
      "conditions": {
        "item": {
          "item": "minecraft:mushroom_stew"
        }
      }
    },
	"poisonous_potato": {
      "trigger": "minecraft:consume_item",
      "conditions": {
        "item": {
          "item": "minecraft:poisonous_potato"
        }
      }
    },
	"potato": {
      "trigger": "minecraft:consume_item",
      "conditions": {
        "item": {
          "item": "minecraft:potato"
        }
      }
    },
	"pumpkin_pie": {
      "trigger": "minecraft:consume_item",
      "conditions": {
        "item": {
          "item": "minecraft:pumpkin_pie"
        }
      }
    },
	"sweet_berries": {
      "trigger": "minecraft:consume_item",
      "conditions": {
        "item": {
          "item": "minecraft:sweet_berries"
        }
      }
    },
	"suspicious_stew": {
      "trigger": "minecraft:consume_item",
      "conditions": {
        "item": {
          "item": "minecraft:suspicious_stew"
        }
      }
    }
  },
  "requirements": [
    ["apple"],
	["baked_potato"],
	["beetroot"],
	["beetroot_soup"],
	["bread"],
	["cake"],
	["carrot"],
	["cookie"],
	["dried_kelp"],
	["golden_apple"],
	["golden_carrot"],
	["honey_bottle"],
	["melon_slice"],
	["milk_bucket"],
	["mushroom_stew"],
	["poisonous_potato"],
	["potato"],
	["pumpkin_pie"],
	["sweet_berries"],
	["suspicious_stew"]
  ]
}