{
  "parent": "paint:adventure/food/herbivore/honey_bottle",
  "display": {
    "icon": {
      "item": "minecraft:melon_slice"
    },
    "title": {
      "text": "Melon Slice","color":"#0000ff"}
	,
    "description":
      ["",{"text": "Eat a melon slice","color":"white"}]
	,
    "frame": "task",
    "show_toast": true,
    "announce_to_chat": false,
    "hidden": false
  },
  "criteria": {
    "melon_slice": {
      "trigger": "minecraft:consume_item",
      "conditions": {
        "item": {
          "item": "minecraft:melon_slice"
        }
      }
    }
  },
  "requirements": [
    ["melon_slice"]
  ]
}