{
  "parent": "paint:adventure/food/herbivore/poisonous_potato",
  "display": {
    "icon": {
      "item": "minecraft:potato"
    },
    "title": {
      "text": "Potato","color":"#0000ff"}
	,
    "description":
      ["",{"text": "Eat a potato","color":"white"}]
	,
    "frame": "task",
    "show_toast": true,
    "announce_to_chat": false,
    "hidden": false
  },
  "criteria": {
    "potato": {
      "trigger": "minecraft:consume_item",
      "conditions": {
        "item": {
          "item": "minecraft:potato"
        }
      }
    }
  },
  "requirements": [
    ["potato"]
  ]
}