{
  "parent": "paint:adventure/food/herbivore/potato",
  "display": {
    "icon": {
      "item": "minecraft:pumpkin_pie"
    },
    "title": {
      "text": "Pumpkin Pie","color":"#0000ff"}
	,
    "description":
      ["",{"text": "Eat a pumpkin pie","color":"white"}]
	,
    "frame": "task",
    "show_toast": true,
    "announce_to_chat": false,
    "hidden": false
  },
  "criteria": {
    "pumpkin_pie": {
      "trigger": "minecraft:consume_item",
      "conditions": {
        "item": {
          "item": "minecraft:pumpkin_pie"
        }
      }
    }
  },
  "requirements": [
    ["pumpkin_pie"]
  ]
}