{
  "parent": "paint:adventure/food/herbivore/sweet_berries",
  "display": {
    "icon": {
      "item": "minecraft:suspicious_stew"
    },
    "title": {
      "text": "Suspicious Stew","color":"#0000ff"}
	,
    "description":
      ["",{"text": "Eat a suspicious stew","color":"white"}]
	,
    "frame": "task",
    "show_toast": true,
    "announce_to_chat": false,
    "hidden": false
  },
  "criteria": {
    "suspicious_stew": {
      "trigger": "minecraft:consume_item",
      "conditions": {
        "item": {
          "item": "minecraft:suspicious_stew"
        }
      }
    }
  },
  "requirements": [
    ["suspicious_stew"]
  ]
}