{
  "parent": "paint:adventure/biomes/temperate/bamboo_jungle",
  "display": {
    "icon": {
      "item": "minecraft:stick",
	  "nbt": "{CustomModelData:41}"
    },
    "title": {
      "text": "Beach","color":"#0000ff"}
    ,
    "description":
      ["",{"text":"Visit the beach","color":"white"}]
    ,
    "frame": "task",
    "show_toast": true,
    "announce_to_chat": false,
    "hidden": false
  },
  "criteria": {
    "beach": {
      "trigger": "minecraft:location",
      "conditions": {
        "biome": "minecraft:beach"
      }
    }
  },
  "requirements": [
    [
      "beach"
    ]
  ]
}