{
  "parent": "paint:adventure/biomes/temperate/all_temperate_biomes",
  "display": {
    "icon": {
      "item": "minecraft:stick",
	  "nbt": "{CustomModelData:37}"
    },
    "title": {
      "text": "Dark Forest","color":"#0000ff"}
    ,
    "description":
      ["",{"text":"Visit the dark forest or dark forest hills","color":"white"}]
    ,
    "frame": "task",
    "show_toast": true,
    "announce_to_chat": false,
    "hidden": false
  },
  "criteria": {
    "dark_forest": {
      "trigger": "minecraft:location",
      "conditions": {
        "biome": "minecraft:dark_forest"
      }
    },
   "dark_forest_hills": {
      "trigger": "minecraft:location",
      "conditions": {
        "biome": "minecraft:dark_forest_hills"
      }
    }
  },
  "requirements": [
    [
      "dark_forest",
	  "dark_forest_hills"
    ]
  ]
}