{
  "parent": "paint:adventure/biomes/temperate/sunflower_plains",
  "display": {
    "icon": {
      "item": "minecraft:stick",
	  "nbt": "{CustomModelData:33}"
    },
    "title": {
      "text": "Forest","color":"#0000ff"}
    ,
    "description":
      ["",{"text":"Visit the forest or wooded hills","color":"white"}]
    ,
    "frame": "task",
    "show_toast": true,
    "announce_to_chat": false,
    "hidden": false
  },
  "criteria": {
    "forest": {
      "trigger": "minecraft:location",
      "conditions": {
        "biome": "minecraft:forest"
      }
    },
	"wooded_hills": {
      "trigger": "minecraft:location",
      "conditions": {
        "biome": "minecraft:wooded_hills"
      }
    }
  },
  "requirements": [
    [
      "forest",
	  "wooded_hills"
    ]
  ]
}