{
  "parent": "paint:adventure/biomes/temperate/swamp",
  "display": {
    "icon": {
      "item": "minecraft:stick",
	  "nbt": "{CustomModelData:39}"
    },
    "title": {
      "text": "Jungle","color":"#0000ff"}
    ,
    "description":
      ["",{"text":"Visit the jungle, jungle hills or jungle edge","color":"white"}]
    ,
    "frame": "task",
    "show_toast": true,
    "announce_to_chat": false,
    "hidden": false
  },
  "criteria": {
    "jungle": {
      "trigger": "minecraft:location",
      "conditions": {
        "biome": "minecraft:jungle"
      }
    },
	"jungle_hills": {
      "trigger": "minecraft:location",
      "conditions": {
        "biome": "minecraft:jungle_hills"
      }
    },
	"jungle_edge": {
      "trigger": "minecraft:location",
      "conditions": {
        "biome": "minecraft:jungle_edge"
      }
    }
  },
  "requirements": [
    [
      "jungle",
	  "jungle_hills",
	  "jungle_edge"
    ]
  ]
}