{
  "parent": "paint:adventure/biomes/temperate/all_temperate_biomes",
  "display": {
    "icon": {
      "item": "minecraft:stick",
	  "nbt": "{CustomModelData:31}"
    },
    "title": {
      "text": "Plains","color":"#0000ff"}
    ,
    "description":
      ["",{"text":"Visit the plains","color":"white"}]
    ,
    "frame": "task",
    "show_toast": true,
    "announce_to_chat": false,
    "hidden": false
  },
  "criteria": {
    "plains": {
      "trigger": "minecraft:location",
      "conditions": {
        "biome": "minecraft:plains"
      }
    }
  },
  "requirements": [
    [
      "plains"
    ]
  ]
}