{
  "parent": "paint:adventure/biomes/temperate/beach",
  "display": {
    "icon": {
      "item": "minecraft:stick",
	  "nbt": "{CustomModelData:42}"
    },
    "title": {
      "text": "River","color":"#0000ff"}
    ,
    "description":
      ["",{"text":"Visit the river","color":"white"}]
    ,
    "frame": "task",
    "show_toast": true,
    "announce_to_chat": false,
    "hidden": false
  },
  "criteria": {
    "river": {
      "trigger": "minecraft:location",
      "conditions": {
        "biome": "minecraft:river"
      }
    }
  },
  "requirements": [
    [
      "river"
    ]
  ]
}