{
  "parent": "paint:adventure/biomes/temperate/dark_forest",
  "display": {
    "icon": {
      "item": "minecraft:stick",
	  "nbt": "{CustomModelData:38}"
    },
    "title": {
      "text": "Swamp","color":"#0000ff"}
    ,
    "description":
      ["",{"text":"Visit the swamp or swamp hills","color":"white"}]
    ,
    "frame": "task",
    "show_toast": true,
    "announce_to_chat": false,
    "hidden": false
  },
  "criteria": {
    "swamp": {
      "trigger": "minecraft:location",
      "conditions": {
        "biome": "minecraft:swamp"
      }
    },
	"swamp_hills": {
      "trigger": "minecraft:location",
      "conditions": {
        "biome": "minecraft:swamp_hills"
      }
    }
  },
  "requirements": [
    [
      "swamp",
	  "swamp_hills"
    ]
  ]
}