{
  "parent": "paint:adventure/biomes/temperate/birch_forest",
  "display": {
    "icon": {
      "item": "minecraft:stick",
	  "nbt": "{CustomModelData:36}"
    },
    "title": {
      "text": "Tall Birch Forest","color":"#0000ff"}
    ,
    "description":
      ["",{"text":"Visit the tall birch forest or tall birch hills","color":"white"}]
    ,
    "frame": "task",
    "show_toast": true,
    "announce_to_chat": false,
    "hidden": false
  },
  "criteria": {
    "tall_birch_forest": {
      "trigger": "minecraft:location",
      "conditions": {
        "biome": "minecraft:tall_birch_forest"
      }
    },
	"tall_birch_hills": {
      "trigger": "minecraft:location",
      "conditions": {
        "biome": "minecraft:tall_birch_hills"
      }
    }
  },
  "requirements": [
    [
      "tall_birch_forest",
	  "tall_birch_hills"
    ]
  ]
}