{
  "parent": "paint:adventure/misc/charted_and_hearted",
  "display": {
    "icon": {
      "item": "minecraft:lodestone"
    },
    "title": {
      "text": "Center of Attraction","color":"#0000ff"}
    ,
    "description":
      ["",{"text": "Use a compass on a lodestone to lock the compass to it","color":"white"}]
	,
    "frame": "task",
    "show_toast": true,
    "announce_to_chat": true,
    "hidden": false
  },
  "criteria": {
	"center_of_attraction": {
      "trigger": "minecraft:item_used_on_block",
      "conditions": {
        "location": {
          "block": {
            "block": "minecraft:lodestone"
          }
        },
        "item": {
          "item": "minecraft:compass"
        }
      }
    }
  },
  "requirements": [
    ["center_of_attraction"]
  ]
}