{
  "parent": "paint:adventure/misc/eyes_this_way",
  "display": {
    "icon": {
      "item": "minecraft:stick",
	  "nbt": "{CustomModelData:107}"
    },
    "title": {
      "text": "Gateway Getaway","color":"#0000ff"}
    ,
    "description":
      ["",{"text":"Enter an End Gateway","color":"white"}]
    ,
    "frame": "task",
    "show_toast": true,
    "announce_to_chat": true,
    "hidden": false
  },
  "criteria": {
    "gateway_getaway": {
      "trigger": "minecraft:enter_block",
      "conditions": {
        "block": "minecraft:end_gateway"
      }
    }
  },
  "requirements": [
	["gateway_getaway"]
	]
}g