{
  "parent": "paint:adventure/intrepid_adventurer",
  "display": {
    "icon": {
      "item": "minecraft:stick",
	  "nbt": "{CustomModelData:100}"
    },
    "title": {
      "text": "Going the Extra Mile","color":"#0000ff"}
    ,
    "description":
      ["",{"text":"Complete all miscellaneous adventure advancements. ","color":"white"},{"text":"Tasks announced in chat.","color":"dark_gray"}]
    ,
    "frame": "challenge",
    "show_toast": true,
    "announce_to_chat": true,
    "hidden": false
  },
  "criteria": {
    "sweet_dreams": {
      "trigger": "minecraft:item_used_on_block",
      "conditions": {
        "location": {
          "block": {
            "tag": "minecraft:beds"
          }
        }
      }
    },
	"hellspawn": {
      "trigger": "minecraft:item_used_on_block",
      "conditions": {
        "location": {
          "block": {
            "block": "minecraft:respawn_anchor"
          }
        },
		"player": [
			{
            "condition": "minecraft:entity_properties",
            "predicate": {
              "nbt": "{SpawnDimension:\"minecraft:the_nether\"}"
            },
            "entity": "this"
          }
		]
	  }
    },
	"signal_fire_place": {
      "trigger": "minecraft:placed_block",
      "conditions": {
        "location": {
			"block": {
				"tag": "minecraft:campfires",
				"state": {
					"signal_fire": true
				}
			}
		}
      }
	},
	"signal_fire_enter": {
      "trigger": "minecraft:enter_block",
      "conditions": {
        "state": {
          "signal_fire": true
        }
      }
	},
	"sticky_situation": {
      "trigger": "minecraft:slide_down_block",
      "conditions": {
        "block": "minecraft:honey_block"
      }
    },
	"scaffolding": {
      "trigger": "minecraft:enter_block",
      "conditions": {
        "block": "minecraft:scaffolding"
      }
    },
	"marker_maker": {
      "trigger": "minecraft:item_used_on_block",
      "conditions": {
        "location": {
          "block": {
            "tag": "minecraft:banners"
          }
        },
        "item": {
          "item": "minecraft:filled_map"
        }
      }
    },
	"charted_and_hearted": {
		"trigger": "minecraft:impossible"
	},
	"center_of_attraction": {
      "trigger": "minecraft:item_used_on_block",
      "conditions": {
        "location": {
          "block": {
            "block": "minecraft:lodestone"
          }
        },
        "item": {
          "item": "minecraft:compass"
        }
      }
    },
	"nethernaut": {
      "trigger": "minecraft:nether_travel",
      "conditions": {
        "distance": {
          "horizontal": {
            "min": 7000.0
          }
        }
      }
    },
	"eyes_this_way": {
      "trigger": "minecraft:used_ender_eye"
    },
	"gateway_getaway": {
      "trigger": "minecraft:enter_block",
      "conditions": {
        "block": "minecraft:end_gateway"
      }
    }
  },
  "requirements": [
    ["sweet_dreams"],
	["hellspawn"],
	[
	"signal_fire_place",
	"signal_fire_enter"
	],
	["sticky_situation"],
	["scaffolding"],
	["marker_maker"],
	["charted_and_hearted"],
	["center_of_attraction"],
	["nethernaut"],
	["eyes_this_way"],
	["gateway_getaway"]
  ]
}