{
  "parent": "paint:adventure/misc/sweet_dreams",
  "display": {
    "icon": {
      "item": "minecraft:respawn_anchor"
    },
    "title": {
      "text": "Hellspawn","color":"#0000ff"}
    ,
    "description":
      ["",{"text":"Use a Respawn Anchor to set your spawn in the nether","color":"white"}]
    ,
    "frame": "task",
    "show_toast": true,
    "announce_to_chat": true,
    "hidden": false
  },
  "criteria": {
	"hellspawn": {
      "trigger": "minecraft:item_used_on_block",
      "conditions": {
        "location": {
          "block": {
            "block": "minecraft:respawn_anchor"
          }
        },
		"player": [
			{
            "condition": "minecraft:entity_properties",
            "predicate": {
              "nbt": "{SpawnDimension:\"minecraft:the_nether\"}"
            },
            "entity": "this"
          }
		]
	  }
    }
  },
  "requirements": [
    ["hellspawn"]
  ]
}