{
  "parent": "paint:adventure/misc/going_the_extra_mile",
  "display": {
    "icon": {
      "item": "minecraft:stick",
	  "nbt": "{CustomModelData:103}"
    },
    "title": {
      "text": "Marker Maker","color":"#0000ff"}
    ,
    "description":
      ["",{"text":"Use your map on a banner to create a marker","color":"white"}]
    ,
    "frame": "task",
    "show_toast": true,
    "announce_to_chat": true,
    "hidden": false
  },
  "criteria": {
    "marker_maker": {
      "trigger": "minecraft:item_used_on_block",
      "conditions": {
        "location": {
          "block": {
            "tag": "minecraft:banners"
          }
        },
        "item": {
          "item": "minecraft:filled_map"
        }
      }
    }
  },
  "requirements": [
    ["marker_maker"]
  ]
}