{
  "parent": "paint:adventure/misc/center_of_attraction",
  "display": {
    "icon": {
      "item": "minecraft:stick",
	  "nbt": "{CustomModelData:106}"
    },
    "title": {
      "text": "Nethernaut","color":"#0000ff"}
    ,
    "description":
      ["",{"text":"Travel at least 7km in the overworld using the nether. 1m in the nether is 8m in the overworld.","color":"white"}]
    ,
    "frame": "task",
    "show_toast": true,
    "announce_to_chat": true,
    "hidden": false
  },
  "criteria": {
    "nethernaut": {
      "trigger": "minecraft:nether_travel",
      "conditions": {
        "distance": {
          "horizontal": {
            "min": 7000.0
          }
        }
      }
    }
  },
  "requirements": [
    [
      "nethernaut"
    ]
  ]
}