{
  "parent": "paint:adventure/misc/sticky_situation",
  "display": {
    "icon": {
      "item": "minecraft:scaffolding"
    },
    "title": {
      "text": "Scaffolding!","color":"#0000ff"}
    ,
    "description":
      ["",{"text":"Get inside some scaffolding","color":"white"}]
    ,
    "frame": "task",
    "show_toast": true,
    "announce_to_chat": true,
    "hidden": false
  },
  "criteria": {
	"scaffolding": {
      "trigger": "minecraft:enter_block",
      "conditions": {
        "block": "minecraft:scaffolding"
      }
    }
  },
  "requirements": [
    ["scaffolding"]
  ]
}