{
  "parent": "paint:adventure/misc/hellspawn",
  "display": {
    "icon": {
      "item": "minecraft:stick",
	  "nbt": "{CustomModelData:101}"
    },
    "title": {
      "text": "Signal Fire","color":"#0000ff"}
    ,
    "description":
      ["",{"text":"Place a campfire on a hay bale to create a signal fire, or be in a campfire that sends signals","color":"white"}]
    ,
    "frame": "task",
    "show_toast": true,
    "announce_to_chat": true,
    "hidden": false
  },
  "criteria": {
    "signal_fire_place": {
      "trigger": "minecraft:placed_block",
      "conditions": {
        "location": {
			"block": {
				"tag": "minecraft:campfires",
				"state": {
					"signal_fire": true
				}
			}
		}
      }
	},
	"signal_fire_enter": {
      "trigger": "minecraft:enter_block",
      "conditions": {
        "state": {
          "signal_fire": true
        }
      }
	}
  },
  "requirements": [
    [
      "signal_fire_place",
	  "signal_fire_enter"
    ]
  ]
}