{
  "parent": "paint:adventure/misc/going_the_extra_mile",
  "display": {
    "icon": {
      "item": "minecraft:light_blue_bed"
    },
    "title": {
      "text": "Sweet Dreams","color":"#0000ff"}
    ,
    "description":
      ["",{"text":"Use a bed to reset your spawnpoint. Sleeping will keep the phantoms away.","color":"white"}]
    ,
    "frame": "task",
    "show_toast": true,
    "announce_to_chat": true,
    "hidden": false
  },
  "criteria": {
    "sweet_dreams": {
      "trigger": "minecraft:item_used_on_block",
      "conditions": {
        "location": {
          "block": {
            "tag": "minecraft:beds"
          }
        }
      }
    }
  },
  "requirements": [
    ["sweet_dreams"]
  ]
}