{
  "parent": "paint:animals/rabbits/black_rabbit",
  "display": {
    "icon": {
      "item": "minecraft:stick",
	  "nbt": "{CustomModelData:1184}"
    },
    "title": {
      "text": "Patchy Rabbit","color":"#ffff00"}
    ,
    "description":
      ["",{"text": "20% of rabbits in snowy biomes are patchy","color":"white"}]
    ,
    "frame": "task",
    "show_toast": true,
    "announce_to_chat": false,
    "hidden": false
  },
  "criteria": {
    "patchy_rabbit": {
      "trigger": "minecraft:player_killed_entity",
      "conditions": {
        "entity": {
          "type": "minecraft:rabbit",
		  "nbt": "{RabbitType:3}"
        }
      }
    }
  },
  "requirements": [
    [
      "patchy_rabbit"
    ]
  ]
}