{
  "parent": "paint:animals/animal_lover",
  "display": {
    "icon": {
      "item": "minecraft:stick",
	  "nbt": "{CustomModelData:1180}"
    },
    "title": {
      "text": "Rabbit Season","color":"#ffff00"}
    ,
    "description":
      ["",{"text": "Hunt every variant of rabbit","color":"white"}]
    ,
    "frame": "challenge",
    "show_toast": true,
    "announce_to_chat": true,
    "hidden": false
  },
  "criteria": {
    "brown_rabbit": {
      "trigger": "minecraft:player_killed_entity",
      "conditions": {
        "entity": {
          "type": "minecraft:rabbit",
		  "nbt": "{RabbitType:0}"
        }
      }
    },
	"white_rabbit": {
      "trigger": "minecraft:player_killed_entity",
      "conditions": {
        "entity": {
          "type": "minecraft:rabbit",
		  "nbt": "{RabbitType:1}"
        }
      }
    },
	"black_rabbit": {
      "trigger": "minecraft:player_killed_entity",
      "conditions": {
        "entity": {
          "type": "minecraft:rabbit",
		  "nbt": "{RabbitType:2}"
        }
      }
    },
	"patchy_rabbit": {
      "trigger": "minecraft:player_killed_entity",
      "conditions": {
        "entity": {
          "type": "minecraft:rabbit",
		  "nbt": "{RabbitType:3}"
        }
      }
    },
	"sandy_rabbit": {
      "trigger": "minecraft:player_killed_entity",
      "conditions": {
        "entity": {
          "type": "minecraft:rabbit",
		  "nbt": "{RabbitType:4}"
        }
      }
    },
	"salty_rabbit": {
      "trigger": "minecraft:player_killed_entity",
      "conditions": {
        "entity": {
          "type": "minecraft:rabbit",
		  "nbt": "{RabbitType:5}"
        }
      }
    }
  },
  "requirements": [
    ["brown_rabbit"],
	["white_rabbit"],
	["black_rabbit"],
	["patchy_rabbit"],
	["sandy_rabbit"],
	["salty_rabbit"]
  ]
}