{
  "parent": "paint:animals/rabbits/sandy_rabbit",
  "display": {
    "icon": {
      "item": "minecraft:stick",
	  "nbt": "{CustomModelData:1186}"
    },
    "title": {
      "text": "Salty Rabbit","color":"#ffff00"}
    ,
    "description":
      ["",{"text": "40% of rabbits in non-snowy non-desert biomes are salt-and-pepper","color":"white"}]
    ,
    "frame": "task",
    "show_toast": true,
    "announce_to_chat": false,
    "hidden": false
  },
  "criteria": {
    "salty_rabbit": {
      "trigger": "minecraft:player_killed_entity",
      "conditions": {
        "entity": {
          "type": "minecraft:rabbit",
		  "nbt": "{RabbitType:5}"
        }
      }
    }
  },
  "requirements": [
    [
      "salty_rabbit"
    ]
  ]
}