{
  "parent": "paint:animals/rabbits/brown_rabbit",
  "display": {
    "icon": {
      "item": "minecraft:stick",
	  "nbt": "{CustomModelData:1182}"
    },
    "title": {
      "text": "White Rabbit","color":"#ffff00"}
    ,
    "description":
      ["",{"text": "80% of rabbits in snowy biomes are all white","color":"white"}]
    ,
    "frame": "task",
    "show_toast": true,
    "announce_to_chat": false,
    "hidden": false
  },
  "criteria": {
    "white_rabbit": {
      "trigger": "minecraft:player_killed_entity",
      "conditions": {
        "entity": {
          "type": "minecraft:rabbit",
		  "nbt": "{RabbitType:1}"
        }
      }
    }
  },
  "requirements": [
    [
      "white_rabbit"
    ]
  ]
}