{
  "parent": "paint:animals/misc/beelocation",
  "display": {
    "icon": {
      "item": "minecraft:stick",
	  "nbt": "{CustomModelData:1906}"
    },
    "title": {
      "text": "Bee Our Guest","color":"#ffff00"}
    ,
    "description":
      ["",{"text": "Safety take honey from a bee nest by using smoke","color":"white"}]
    ,
    "frame": "task",
    "show_toast": true,
    "announce_to_chat": true,
    "hidden": false
  },
  "criteria": {
    "bee_our_guest": {
      "trigger": "minecraft:item_used_on_block",
      "conditions": {
        "location": {
          "smokey": true,
          "block": {
            "tag": "minecraft:beehives"
          }
        },
        "item": {
          "item": "minecraft:glass_bottle"
        }
      }
    }
  },
  "requirements": [
	["bee_our_guest"]
	]
}