{
  "parent": "paint:animals/misc/faster_than_a_smoker",
  "display": {
    "icon": {
      "item": "minecraft:stick",
	  "nbt": "{CustomModelData:1903}"
    },
    "title": {
      "text": "Echolocation","color":"#ffff00"}
    ,
    "description":
      ["",{"text": "Feed a fish to a dolphin so it helps you locate treasure","color":"white"}]
    ,
    "frame": "task",
    "show_toast": true,
    "announce_to_chat": true,
    "hidden": false
  },
  "criteria": {
    "echolocation": {
      "trigger": "minecraft:player_interacted_with_entity",
      "conditions": {
        "item": {
          "tag": "minecraft:fishes"
        },
        "entity": [
          {
            "condition": "minecraft:entity_properties",
            "predicate": {
              "type": "minecraft:dolphin",
              "flags": {
                "is_baby": false
              }
            },
            "entity": "this"
          }
        ]
      }
    }
  },
  "requirements": [
	["echolocation"]
	]
}