{
  "parent": "paint:animals/misc/echolocation",
  "display": {
    "icon": {
      "item": "minecraft:stick",
	  "nbt": "{CustomModelData:1904}"
    },
    "title": {
      "text": "Polar Bear","color":"#ffff00"}
    ,
    "description":
      ["",{"text": "Get within 10m of a polar bear","color":"white"}]
    ,
    "frame": "task",
    "show_toast": true,
    "announce_to_chat": true,
    "hidden": false
  },
  "criteria": {
    "polar_bear": {
      "trigger": "minecraft:impossible"
    }
  },
  "rewards": {
    "function": "paint:pca/rewards/animals/misc/polar_bear"
  },
  "requirements": [
	["polar_bear"]
	]
}