{
  "parent": "paint:animals/misc/were_ewe_adopted",
  "display": {
    "icon": {
      "item": "minecraft:stick",
	  "nbt": "{CustomModelData:1909}"
    },
    "title": {
      "text": "Rainbow Sheep","color":"#ffff00"}
    ,
    "description":
      ["",{"text": "Use a nametag on a sheep to name it jeb_ and turn it into a rainbow sheep","color":"white"}]
    ,
    "frame": "task",
    "show_toast": true,
    "announce_to_chat": false,
    "hidden": false
  },
  "criteria": {
    "rainbow_sheep": {
      "trigger": "minecraft:player_interacted_with_entity",
      "conditions": {
        "item": {
          "item": "minecraft:name_tag",
		  "nbt": "{display:{Name:'{\"text\":\"jeb_\"}'}}"
        },
        "entity": [
          {
            "condition": "minecraft:entity_properties",
            "predicate": {
              "type": "minecraft:sheep"
            },
            "entity": "this"
          }
        ]
      }
    }
  },
  "requirements": [
    ["rainbow_sheep"]
  ]
}