{
  "parent": "paint:animals/misc/bee_our_guest",
  "display": {
    "icon": {
      "item": "minecraft:stick",
	  "nbt": "{CustomModelData:1907}"
    },
    "title": {
      "text": "Transmootation","color":"#ffff00"}
    ,
    "description":
      ["",{"text": "Channel lightning on a red mooshroom to make it brown, or get a brown mooshroom from breeding","color":"white"}]
    ,
    "frame": "task",
    "show_toast": true,
    "announce_to_chat": true,
    "hidden": false
  },
  "criteria": {
    "transmootation_lightning": {
	  "trigger": "minecraft:channeled_lightning",
      "conditions": {
        "victims": [
          {
            "type": "minecraft:mooshroom"
          }
        ]
      }
	},
	"transmootation_breeding": {
      "trigger": "minecraft:bred_animals",
      "conditions": {
		"child": {
			"type": "minecraft:mooshroom",
			"nbt": "{Type:\"brown\"}"
			}
		}
	}
  },
  "requirements": [
	[
	"transmootation_lightning",
	"transmootation_breeding"
	]
	]
}