{
  "parent": "paint:adventure/transport/taking_passage",
  "display": {
    "icon": {
      "item": "minecraft:oak_boat"
    },
    "title": {
      "text": "Master Sailor","color":"#0000ff"}
    ,
    "description":
      ["",{"text":"Complete all sailing advancements","color":"white"}]
    ,
    "frame": "goal",
    "show_toast": true,
    "announce_to_chat": true,
    "hidden": false
  },
  "criteria": {
    "skeleton_crew": {
      "trigger": "minecraft:location",
      "conditions": {
        "player": [
          {
            "condition": "minecraft:entity_properties",
            "predicate": {
              "vehicle": {
                "type": "minecraft:boat",
				"nbt": "{Passengers:[{id:\"minecraft:skeleton\"}]}"
              }
            },
            "entity": "this"
          }
        ]
      }
    },
	"voyager": {
      "trigger": "minecraft:impossible"
    },
	"frozen_freeway": {
      "trigger": "minecraft:impossible"
    },
	"oceanographer": {
      "trigger": "minecraft:impossible"
    }
  },
  "requirements": [
    ["skeleton_crew"],
	["voyager"],
	["frozen_freeway"],
	["oceanographer"]
  ]
}