{
  "parent": "paint:adventure/transport/boat/frozen_freeway",
  "display": {
    "icon": {
      "item": "minecraft:stick",
	  "nbt": "{CustomModelData:405}"
    },
    "title": {
      "text": "Oceanographer","color":"#0000ff"}
    ,
    "description":
      ["",{"text":"Visit all the ocean types in one boat journey. Getting out will reset your progress.","color":"white"}]
    ,
    "frame": "task",
    "show_toast": true,
    "announce_to_chat": true,
    "hidden": false
  },
  "criteria": {
    "oceanographer_warm_ocean": {
      "trigger": "minecraft:location",
      "conditions": {
        "biome": "minecraft:warm_ocean",
		"player": [
			{
			"condition": "minecraft:entity_properties",
			"entity": "this",
			"predicate": {
				"vehicle": {
					"type": "minecraft:boat"
				}	
			}
			}
		]
      }
    },
	"oceanographer_lukewarm_ocean": {
      "trigger": "minecraft:location",
      "conditions": {
        "biome": "minecraft:lukewarm_ocean",
		"player": [
			{
			"condition": "minecraft:entity_properties",
			"entity": "this",
			"predicate": {
				"vehicle": {
					"type": "minecraft:boat"
				}	
			}
			}
		]
      }
    },
	"oceanographer_deep_lukewarm_ocean": {
      "trigger": "minecraft:location",
      "conditions": {
        "biome": "minecraft:deep_lukewarm_ocean",
		"player": [
			{
			"condition": "minecraft:entity_properties",
			"entity": "this",
			"predicate": {
				"vehicle": {
					"type": "minecraft:boat"
				}	
			}
			}
		]
      }
    },
	"oceanographer_ocean": {
      "trigger": "minecraft:location",
      "conditions": {
        "biome": "minecraft:ocean",
		"player": [
			{
			"condition": "minecraft:entity_properties",
			"entity": "this",
			"predicate": {
				"vehicle": {
					"type": "minecraft:boat"
				}	
			}
			}
		]
      }
    },
	"oceanographer_deep_ocean": {
      "trigger": "minecraft:location",
      "conditions": {
        "biome": "minecraft:deep_ocean",
		"player": [
			{
			"condition": "minecraft:entity_properties",
			"entity": "this",
			"predicate": {
				"vehicle": {
					"type": "minecraft:boat"
				}	
			}
			}
		]
      }
    },
	"oceanographer_cold_ocean": {
      "trigger": "minecraft:location",
      "conditions": {
        "biome": "minecraft:cold_ocean",
		"player": [
			{
			"condition": "minecraft:entity_properties",
			"entity": "this",
			"predicate": {
				"vehicle": {
					"type": "minecraft:boat"
				}	
			}
			}
		]
      }
    },
	"oceanographer_deep_cold_ocean": {
      "trigger": "minecraft:location",
      "conditions": {
        "biome": "minecraft:deep_cold_ocean",
		"player": [
			{
			"condition": "minecraft:entity_properties",
			"entity": "this",
			"predicate": {
				"vehicle": {
					"type": "minecraft:boat"
				}	
			}
			}
		]
      }
    },
	"oceanographer_frozen_ocean": {
      "trigger": "minecraft:location",
      "conditions": {
        "biome": "minecraft:frozen_ocean",
		"player": [
			{
			"condition": "minecraft:entity_properties",
			"entity": "this",
			"predicate": {
				"vehicle": {
					"type": "minecraft:boat"
				}	
			}
			}
		]
      }
    },
	"oceanographer_deep_frozen_ocean": {
      "trigger": "minecraft:location",
      "conditions": {
        "biome": "minecraft:deep_frozen_ocean",
		"player": [
			{
			"condition": "minecraft:entity_properties",
			"entity": "this",
			"predicate": {
				"vehicle": {
					"type": "minecraft:boat"
				}	
			}
			}
		]
      }
    }
  },
  "rewards": {
    "function": "paint:pca/rewards/adventure/transport/boat/oceanographer"
  },
  "requirements": [
	[
      "oceanographer_warm_ocean"
    ],
	[
      "oceanographer_lukewarm_ocean",
	  "oceanographer_deep_lukewarm_ocean"
    ],
	[
      "oceanographer_ocean",
	  "oceanographer_deep_ocean"
    ],
	[
      "oceanographer_cold_ocean",
	  "oceanographer_deep_cold_ocean"
    ],
	[
      "oceanographer_frozen_ocean",
	  "oceanographer_deep_frozen_ocean"
    ]
	]
}