{
  "parent": "paint:adventure/transport/boat/master_sailor",
  "display": {
    "icon": {
      "item": "minecraft:stick",
	  "nbt": "{CustomModelData:402}"
    },
    "title": {
      "text": "Skeleton Crew","color":"#0000ff"}
    ,
    "description":
      ["",{"text":"Get in a boat with a skeleton","color":"white"}]
    ,
    "frame": "task",
    "show_toast": true,
    "announce_to_chat": true,
    "hidden": false
  },
  "criteria": {
    "skeleton_crew": {
      "trigger": "minecraft:location",
      "conditions": {
        "player": [
          {
            "condition": "minecraft:entity_properties",
            "predicate": {
              "vehicle": {
                "type": "minecraft:boat",
				"nbt": "{Passengers:[{id:\"minecraft:skeleton\"}]}"
              }
            },
            "entity": "this"
          }
        ]
      }
    }
  },
  "requirements": [
      ["skeleton_crew"]
  ]
}