{
  "parent": "paint:adventure/food/carnivore/carnivore",
  "display": {
    "icon": {
      "item": "minecraft:cooked_porkchop"
    },
    "title": {
      "text": "Cheap as 'Chops","color":"#0000ff"}
	,
    "description":
      ["",{"text": "Kill a pig, cook its pork and eat it","color":"white"}]
	,
    "frame": "task",
    "show_toast": true,
    "announce_to_chat": false,
    "hidden": false
  },
  "criteria": {
	"cooked_porkchop": {
      "trigger": "minecraft:consume_item",
      "conditions": {
        "item": {
          "item": "minecraft:cooked_porkchop"
        }
      }
	}
  },
  "requirements": [
    ["cooked_porkchop"]
  ]
}