{
  "parent": "paint:adventure/food/carnivore/cooked_mutton",
  "display": {
    "icon": {
      "item": "minecraft:cooked_chicken"
    },
    "title": {
      "text": "Top of the Pecking Order","color":"#0000ff"}
	,
    "description":
      ["",{"text": "Kill a chicken, cook its meat and eat it","color":"white"}]
	,
    "frame": "task",
    "show_toast": true,
    "announce_to_chat": false,
    "hidden": false
  },
  "criteria": {
	"cooked_chicken": {
      "trigger": "minecraft:consume_item",
      "conditions": {
        "item": {
          "item": "minecraft:cooked_chicken"
        }
      }
	}
  },
  "requirements": [
    ["cooked_chicken"]
  ]
}