{
  "parent": "paint:adventure/food/carnivore/cooked_beef",
  "display": {
    "icon": {
      "item": "minecraft:cooked_mutton"
    },
    "title": {
      "text": "Cuttin' Up the Mutton","color":"#0000ff"}
	,
    "description":
      ["",{"text": "Kill a sheep, cook its mutton and eat it","color":"white"}]
	,
    "frame": "task",
    "show_toast": true,
    "announce_to_chat": false,
    "hidden": false
  },
  "criteria": {
	"cooked_mutton": {
      "trigger": "minecraft:consume_item",
      "conditions": {
        "item": {
          "item": "minecraft:cooked_mutton"
        }
      }
	}
  },
  "requirements": [
    ["cooked_mutton"]
  ]
}