{
  "parent": "paint:adventure/food/carnivore/carnivore",
  "display": {
    "icon": {
      "item": "minecraft:cooked_rabbit"
    },
    "title": {
      "text": "Rabbit","color":"#0000ff"}
	,
    "description":
      ["",{"text": "Kill a rabbit, cook its meat and eat it","color":"white"}]
	,
    "frame": "task",
    "show_toast": true,
    "announce_to_chat": false,
    "hidden": false
  },
  "criteria": {
	"cooked_rabbit": {
      "trigger": "minecraft:consume_item",
      "conditions": {
        "item": {
          "item": "minecraft:cooked_rabbit"
        }
      }
	}
  },
  "requirements": [
    ["cooked_rabbit"]
  ]
}