{
  "parent": "paint:adventure/food/carnivore/rabbit_stew",
  "display": {
    "icon": {
      "item": "minecraft:cooked_cod"
    },
    "title": {
      "text": "Hooked and Cooked","color":"#0000ff"}
	,
    "description":
      ["",{"text": "Eat Cooked Cod","color":"white"}]
	,
    "frame": "task",
    "show_toast": true,
    "announce_to_chat": false,
    "hidden": false
  },
  "criteria": {
	"cooked_cod": {
      "trigger": "minecraft:consume_item",
      "conditions": {
        "item": {
          "item": "minecraft:cooked_cod"
        }
      }
	}
  },
  "requirements": [
    ["cooked_cod"]
  ]
}