{
  "parent": "paint:adventure/food/carnivore/cooked_cod",
  "display": {
    "icon": {
      "item": "minecraft:cooked_salmon"
    },
    "title": {
      "text": "Salmon","color":"#0000ff"}
	,
    "description":
      ["",{"text": "Eat Cooked Salmon","color":"white"}]
	,
    "frame": "task",
    "show_toast": true,
    "announce_to_chat": false,
    "hidden": false
  },
  "criteria": {
	"cooked_salmon": {
      "trigger": "minecraft:consume_item",
      "conditions": {
        "item": {
          "item": "minecraft:cooked_salmon"
        }
      }
	}
  },
  "requirements": [
    ["cooked_salmon"]
  ]
}