{
  "parent": "paint:adventure/food/carnivore/cooked_porkchop",
  "display": {
    "icon": {
      "item": "minecraft:cooked_beef"
    },
    "title": {
      "text": "Raising the Steaks","color":"#0000ff"}
	,
    "description":
      ["",{"text": "Kill a cow, cook its steak and eat it","color":"white"}]
	,
    "frame": "task",
    "show_toast": true,
    "announce_to_chat": false,
    "hidden": false
  },
  "criteria": {
	"cooked_beef": {
      "trigger": "minecraft:consume_item",
      "conditions": {
        "item": {
          "item": "minecraft:cooked_beef"
        }
      }
	}
  },
  "requirements": [
    ["cooked_beef"]
  ]
}