{
  "parent": "paint:adventure/food/carnivore/tropical_fish",
  "display": {
    "icon": {
      "item": "minecraft:pufferfish"
    },
    "title": {
      "text": "Pufferfish","color":"#0000ff"}
	,
    "description":
      ["",{"text": "Eat a pufferfish","color":"white"}]
	,
    "frame": "task",
    "show_toast": true,
    "announce_to_chat": false,
    "hidden": false
  },
  "criteria": {
	"eat_pufferfish": {
      "trigger": "minecraft:consume_item",
      "conditions": {
        "item": {
          "item": "minecraft:pufferfish"
        }
      }
	}
  },
  "requirements": [
    ["eat_pufferfish"]
  ]
}