{
  "parent": "paint:adventure/food/carnivore/pufferfish",
  "display": {
    "icon": {
      "item": "minecraft:rotten_flesh"
    },
    "title": {
      "text": "Rotten Flesh","color":"#0000ff"}
	,
    "description":
      ["",{"text": "Kill a zombie-type mob and eat its rotten flesh","color":"white"}]
	,
    "frame": "task",
    "show_toast": true,
    "announce_to_chat": false,
    "hidden": false
  },
  "criteria": {
	"rotten_flesh": {
      "trigger": "minecraft:consume_item",
      "conditions": {
        "item": {
          "item": "minecraft:rotten_flesh"
        }
      }
	}
  },
  "requirements": [
    ["rotten_flesh"]
  ]
}