{
  "parent": "paint:adventure/food/carnivore/rotten_flesh",
  "display": {
    "icon": {
      "item": "minecraft:spider_eye"
    },
    "title": {
      "text": "Spider Eye","color":"#0000ff"}
	,
    "description":
      ["",{"text": "Kill a spider-type mob and eat its eye","color":"white"}]
	,
    "frame": "task",
    "show_toast": true,
    "announce_to_chat": false,
    "hidden": false
  },
  "criteria": {
	"spider_eye": {
      "trigger": "minecraft:consume_item",
      "conditions": {
        "item": {
          "item": "minecraft:spider_eye"
        }
      }
	}
  },
  "requirements": [
    ["spider_eye"]
  ]
}