{
  "parent": "paint:adventure/food/carnivore/carnivore",
  "display": {
    "icon": {
      "item": "minecraft:tropical_fish"
    },
    "title": {
      "text": "Tropical Fish","color":"#0000ff"}
	,
    "description":
      ["",{"text": "Eat a tropical fish","color":"white"}]
	,
    "frame": "task",
    "show_toast": true,
    "announce_to_chat": false,
    "hidden": false
  },
  "criteria": {
	"tropical_fish": {
      "trigger": "minecraft:consume_item",
      "conditions": {
        "item": {
          "item": "minecraft:tropical_fish"
        }
      }
	}
  },
  "requirements": [
    ["tropical_fish"]
  ]
}