{
  "display": {
    "icon": {
      "item": "minecraft:stick",
	  "nbt": "{CustomModelData:1}"
    },
    "title": 
      {"text":"Adventure & Travel","color":"#0000ff"}
    ,
    "description":
      ["",{"text":"The way of the adventurer","color":"white"}]
    ,
    "frame": "task",
    "show_toast": false,
    "announce_to_chat": false,
    "hidden": false,
    "background": "minecraft:textures/icon/adventure/background.png"
  },
  "criteria": {
    "adventure": {
      "trigger": "minecraft:tick"
    }
  },
  "requirements": [
    [
      "adventure"
    ]
  ]
}