{
  "parent": "paint:adventure/biomes/globetrotter",
  "display": {
    "icon": {
      "item": "minecraft:stick",
	  "nbt": "{CustomModelData:20}"
    },
    "title": {
      "text": "Mountain Explorer","color":"#0000ff"}
    ,
    "description":
      ["",{"text":"Visit all non-snowy cold biomes","color":"white"}]
    ,
    "frame": "goal",
    "show_toast": true,
    "announce_to_chat": false,
    "hidden": false
  },
  "criteria": {
    "mountains": {
      "trigger": "minecraft:location",
      "conditions": {
        "biome": "minecraft:mountains"
      }
    },
	"wooded_mountains": {
      "trigger": "minecraft:location",
      "conditions": {
        "biome": "minecraft:wooded_mountains"
      }
    },
	"gravelly_mountains": {
      "trigger": "minecraft:location",
      "conditions": {
        "biome": "minecraft:gravelly_mountains"
      }
    },
	"modified_gravelly_mountains": {
      "trigger": "minecraft:location",
      "conditions": {
        "biome": "minecraft:modified_gravelly_mountains"
      }
    },
	"taiga": {
      "trigger": "minecraft:location",
      "conditions": {
        "biome": "minecraft:taiga"
      }
    },
	"taiga_hills": {
      "trigger": "minecraft:location",
      "conditions": {
        "biome": "minecraft:taiga_hills"
      }
    },
	"taiga_mountains": {
      "trigger": "minecraft:location",
      "conditions": {
        "biome": "minecraft:taiga_mountains"
      }
    },
	"giant_tree_taiga": {
      "trigger": "minecraft:location",
      "conditions": {
        "biome": "minecraft:giant_tree_taiga"
      }
    },
	"giant_tree_taiga_hills": {
      "trigger": "minecraft:location",
      "conditions": {
        "biome": "minecraft:giant_tree_taiga_hills"
      }
    },
	"giant_spruce_taiga": {
      "trigger": "minecraft:location",
      "conditions": {
        "biome": "minecraft:giant_spruce_taiga"
      }
    },
	"giant_spruce_taiga_hills": {
      "trigger": "minecraft:location",
      "conditions": {
        "biome": "minecraft:giant_spruce_taiga_hills"
      }
    },
	"stone_shore": {
      "trigger": "minecraft:location",
      "conditions": {
        "biome": "minecraft:stone_shore"
      }
    }
  },
  "requirements": [
    ["mountains"],
	["wooded_mountains"],
	[
      "gravelly_mountains",
	  "modified_gravelly_mountains"
    ],
	[
      "taiga",
	  "taiga_hills"
    ],
	["taiga_mountains"],
	[
      "giant_tree_taiga",
	  "giant_tree_taiga_hills",
	  "giant_spruce_taiga",
	  "giant_spruce_taiga_hills"
    ],
	["stone_shore"]
  ]
}