{
  "parent": "paint:adventure/biomes/cold/taiga_mountains",
  "display": {
    "icon": {
      "item": "minecraft:stick",
	  "nbt": "{CustomModelData:26}"
    },
    "title": {
      "text": "Mega Taiga","color":"#0000ff"}
    ,
    "description":
      ["",{"text":"Visit any one of the four variants of the giant tree taiga","color":"white"}]
    ,
    "frame": "task",
    "show_toast": true,
    "announce_to_chat": false,
    "hidden": false
  },
  "criteria": {
    "giant_tree_taiga": {
      "trigger": "minecraft:location",
      "conditions": {
        "biome": "minecraft:giant_tree_taiga"
      }
    },
	"giant_tree_taiga_hills": {
      "trigger": "minecraft:location",
      "conditions": {
        "biome": "minecraft:giant_tree_taiga_hills"
      }
    },
	"giant_spruce_taiga": {
      "trigger": "minecraft:location",
      "conditions": {
        "biome": "minecraft:giant_spruce_taiga"
      }
    },
	"giant_spruce_taiga_hills": {
      "trigger": "minecraft:location",
      "conditions": {
        "biome": "minecraft:giant_spruce_taiga_hills"
      }
    }
  },
  "requirements": [
    [
      "giant_tree_taiga",
	  "giant_tree_taiga_hills",
	  "giant_spruce_taiga",
	  "giant_spruce_taiga_hills"
    ]
  ]
}