{
  "parent": "paint:adventure/biomes/cold/all_cold_biomes",
  "display": {
    "icon": {
      "item": "minecraft:stick",
	  "nbt": "{CustomModelData:21}"
    },
    "title": {
      "text": "Mountains","color":"#0000ff"}
    ,
    "description":
      ["",{"text":"Visit the mountains","color":"white"}]
    ,
    "frame": "task",
    "show_toast": true,
    "announce_to_chat": false,
    "hidden": false
  },
  "criteria": {
    "mountains": {
      "trigger": "minecraft:location",
      "conditions": {
        "biome": "minecraft:mountains"
      }
    }
  },
  "requirements": [
    [
      "mountains"
    ]
  ]
}