{
  "parent": "paint:adventure/biomes/cold/giant_tree_taiga",
  "display": {
    "icon": {
      "item": "minecraft:stick",
	  "nbt": "{CustomModelData:27}"
    },
    "title": {
      "text": "Stone Shore","color":"#0000ff"}
    ,
    "description":
      ["",{"text":"Visit the stone shore","color":"white"}]
    ,
    "frame": "task",
    "show_toast": true,
    "announce_to_chat": false,
    "hidden": false
  },
  "criteria": {
    "stone_shore": {
      "trigger": "minecraft:location",
      "conditions": {
        "biome": "minecraft:stone_shore"
      }
    }
  },
  "requirements": [
    [
      "stone_shore"
    ]
  ]
}