{
  "parent": "paint:adventure/biomes/cold/gravelly_mountains",
  "display": {
    "icon": {
      "item": "minecraft:stick",
	  "nbt": "{CustomModelData:24}"
    },
    "title": {
      "text": "Taiga","color":"#0000ff"}
    ,
    "description":
      ["",{"text":"Visit the non-snowy taiga or non-snowy taiga hills","color":"white"}]
    ,
    "frame": "task",
    "show_toast": true,
    "announce_to_chat": false,
    "hidden": false
  },
  "criteria": {
    "taiga": {
      "trigger": "minecraft:location",
      "conditions": {
        "biome": "minecraft:taiga"
      }
    },
	"taiga_hills": {
      "trigger": "minecraft:location",
      "conditions": {
        "biome": "minecraft:taiga_hills"
      }
    }
  },
  "requirements": [
    [
      "taiga",
	  "taiga_hills"
    ]
  ]
}