{
  "parent": "paint:adventure/biomes/cold/taiga",
  "display": {
    "icon": {
      "item": "minecraft:stick",
	  "nbt": "{CustomModelData:25}"
    },
    "title": {
      "text": "Taiga Moutains","color":"#0000ff"}
    ,
    "description":
      ["",{"text":"Visit the non-snowy taiga mountains","color":"white"}]
    ,
    "frame": "task",
    "show_toast": true,
    "announce_to_chat": false,
    "hidden": false
  },
  "criteria": {
	"taiga_mountains": {
      "trigger": "minecraft:location",
      "conditions": {
        "biome": "minecraft:taiga_mountains"
      }
    }
  },
  "requirements": [
    ["taiga_mountains"]
  ]
}