{
  "parent": "paint:adventure/biomes/cold/mountains",
  "display": {
    "icon": {
      "item": "minecraft:stick",
	  "nbt": "{CustomModelData:22}"
    },
    "title": {
      "text": "Wooded Mountains","color":"#0000ff"}
    ,
    "description":
      ["",{"text":"Visit the wooded mountains","color":"white"}]
    ,
    "frame": "task",
    "show_toast": true,
    "announce_to_chat": false,
    "hidden": false
  },
  "criteria": {
    "wooded_mountains": {
      "trigger": "minecraft:location",
      "conditions": {
        "biome": "minecraft:wooded_mountains"
      }
    }
  },
  "requirements": [
    [
      "wooded_mountains"
    ]
  ]
}