{
  "parent": "paint:adventure/biomes/globetrotter",
  "display": {
    "icon": {
      "item": "minecraft:stick",
	  "nbt": "{CustomModelData:60}"
    },
    "title": {
      "text": "Ocean Explorer","color":"#0000ff"}
    ,
    "description":
      ["",{"text":"Visit all ocean biomes","color":"white"}]
    ,
    "frame": "goal",
    "show_toast": true,
    "announce_to_chat": false,
    "hidden": false
  },
  "criteria": {
    "warm_ocean": {
      "trigger": "minecraft:location",
      "conditions": {
        "biome": "minecraft:warm_ocean"
      }
    },
	"lukewarm_ocean": {
      "trigger": "minecraft:location",
      "conditions": {
        "biome": "minecraft:lukewarm_ocean"
      }
    },
	"deep_lukewarm_ocean": {
      "trigger": "minecraft:location",
      "conditions": {
        "biome": "minecraft:deep_lukewarm_ocean"
      }
    },
	"ocean": {
      "trigger": "minecraft:location",
      "conditions": {
        "biome": "minecraft:ocean"
      }
    },
	"deep_ocean": {
      "trigger": "minecraft:location",
      "conditions": {
        "biome": "minecraft:deep_ocean"
      }
    },
	"cold_ocean": {
      "trigger": "minecraft:location",
      "conditions": {
        "biome": "minecraft:cold_ocean"
      }
    },
	"deep_cold_ocean": {
      "trigger": "minecraft:location",
      "conditions": {
        "biome": "minecraft:deep_cold_ocean"
      }
    },
	"frozen_ocean": {
      "trigger": "minecraft:location",
      "conditions": {
        "biome": "minecraft:frozen_ocean"
      }
    },
	"deep_frozen_ocean": {
      "trigger": "minecraft:location",
      "conditions": {
        "biome": "minecraft:deep_frozen_ocean"
      }
    },
	"mushroom_fields": {
      "trigger": "minecraft:location",
      "conditions": {
        "biome": "minecraft:mushroom_fields"
      }
    },
	"mushroom_fields_shore": {
      "trigger": "minecraft:location",
      "conditions": {
        "biome": "minecraft:mushroom_field_shore"
      }
    }
  },
  "requirements": [
    ["warm_ocean"],
	[
      "lukewarm_ocean",
	  "deep_lukewarm_ocean"
    ],
	[
      "ocean",
	  "deep_ocean"
    ],
	[
      "cold_ocean",
	  "deep_cold_ocean"
    ],
	[
      "frozen_ocean",
	  "deep_frozen_ocean"
    ],
	[
      "mushroom_fields",
	  "mushroom_fields_shore"
    ]
  ]
}