{
  "parent": "paint:adventure/biomes/oceans/ocean",
  "display": {
    "icon": {
      "item": "minecraft:stick",
	  "nbt": "{CustomModelData:64}"
    },
    "title": {
      "text": "Cold Ocean","color":"#0000ff"}
    ,
    "description":
      ["",{"text":"Visit the cold ocean or deep cold ocean","color":"white"}]
    ,
    "frame": "task",
    "show_toast": true,
    "announce_to_chat": false,
    "hidden": false
  },
  "criteria": {
    "cold_ocean": {
      "trigger": "minecraft:location",
      "conditions": {
        "biome": "minecraft:cold_ocean"
      }
    },
	"deep_cold_ocean": {
      "trigger": "minecraft:location",
      "conditions": {
        "biome": "minecraft:deep_cold_ocean"
      }
    }
  },
  "requirements": [
    [
      "cold_ocean",
	  "deep_cold_ocean"
    ]
  ]
}