{
  "parent": "paint:adventure/biomes/oceans/cold_ocean",
  "display": {
    "icon": {
      "item": "minecraft:stick",
	  "nbt": "{CustomModelData:65}"
    },
    "title": {
      "text": "Frozen Ocean","color":"#0000ff"}
    ,
    "description":
      ["",{"text":"Visit the frozen ocean or deep frozen ocean","color":"white"}]
    ,
    "frame": "task",
    "show_toast": true,
    "announce_to_chat": false,
    "hidden": false
  },
  "criteria": {
    "frozen_ocean": {
      "trigger": "minecraft:location",
      "conditions": {
        "biome": "minecraft:frozen_ocean"
      }
    },
	"deep_frozen_ocean": {
      "trigger": "minecraft:location",
      "conditions": {
        "biome": "minecraft:deep_frozen_ocean"
      }
    }
  },
  "requirements": [
    [
      "frozen_ocean",
	  "deep_frozen_ocean"
    ]
  ]
}