{
  "parent": "paint:adventure/biomes/oceans/warm_ocean",
  "display": {
    "icon": {
      "item": "minecraft:stick",
	  "nbt": "{CustomModelData:62}"
    },
    "title": {
      "text": "Lukewarm Ocean","color":"#0000ff"}
    ,
    "description":
      ["",{"text":"Visit the lukewarm ocean or deep lukewarm ocean","color":"white"}]
    ,
    "frame": "task",
    "show_toast": true,
    "announce_to_chat": false,
    "hidden": false
  },
  "criteria": {
    "lukewarm_ocean": {
      "trigger": "minecraft:location",
      "conditions": {
        "biome": "minecraft:lukewarm_ocean"
      }
    },
	"deep_lukewarm_ocean": {
      "trigger": "minecraft:location",
      "conditions": {
        "biome": "minecraft:deep_lukewarm_ocean"
      }
    }
  },
  "requirements": [
    [
      "lukewarm_ocean",
	  "deep_lukewarm_ocean"
    ]
  ]
}