{
  "parent": "paint:adventure/biomes/oceans/all_ocean_biomes",
  "display": {
    "icon": {
      "item": "minecraft:stick",
	  "nbt": "{CustomModelData:61}"
    },
    "title": {
      "text": "Warm Ocean","color":"#0000ff"}
    ,
    "description":
      ["",{"text":"Visit the warm ocean","color":"white"}]
    ,
    "frame": "task",
    "show_toast": true,
    "announce_to_chat": false,
    "hidden": false
  },
  "criteria": {
    "warm_ocean": {
      "trigger": "minecraft:location",
      "conditions": {
        "biome": "minecraft:warm_ocean"
      }
    }
  },
  "requirements": [
    [
      "warm_ocean"
    ]
  ]
}